key,count,Inhib,Oligo,OPC,Excit,Astro,EndoMural,Micro
AAACAAGTATCTCCCA-1_Br2720_mid,5,2,1,0,2,1,0,0
AAACAGTGTTCCTGGG-1_Br2720_mid,5,1,0,0,0,0,0,0
AAACATTTCCCGGATT-1_Br2720_mid,5,2,0,0,2,0,0,0
AAACCCGAACGAAATC-1_Br2720_mid,2,0,0,0,5,0,0,0
AAACCGGAAATGTTAA-1_Br2720_mid,5,4,0,1,1,1,0,0
AAACCGTTCGTCCAGG-1_Br2720_mid,2,0,0,0,2,0,1,0
AAACCTAAGCAGCCGG-1_Br2720_mid,5,0,1,1,0,0,1,0
AAACGAGACGGTTGAT-1_Br2720_mid,2,0,0,0,0,0,0,0
AAACGCTGGGCACGAC-1_Br2720_mid,4,0,0,0,1,0,1,0
AAACGGGCGTACGGGT-1_Br2720_mid,6,0,0,0,2,1,0,0
AAACGGTTGCGAACTG-1_Br2720_mid,8,0,1,0,4,0,0,0
AAACTCGGTTCGCAAT-1_Br2720_mid,4,1,1,1,0,2,0,0
AAACTGCTGGCTCCAA-1_Br2720_mid,7,0,3,0,2,0,0,0
AAAGAATGTGGACTAA-1_Br2720_mid,5,0,1,0,3,0,0,0
AAAGGCTACGGACCAT-1_Br2720_mid,3,1,1,0,0,0,0,0
AAAGGCTCTCGCGCCG-1_Br2720_mid,9,3,2,0,3,0,0,3
AAAGTGCCATCAATTA-1_Br2720_mid,2,1,0,0,3,0,0,1
AAAGTGTGATTTATCT-1_Br2720_mid,4,1,0,0,0,0,0,0
AAAGTTGACTCCCGTA-1_Br2720_mid,2,0,0,0,0,0,0,0
AAATACCTATAAGCAT-1_Br2720_mid,3,0,1,0,5,0,0,2
AAATAGGGTGCTATTG-1_Br2720_mid,5,1,0,0,1,0,0,0
AAATCCGATACACGCC-1_Br2720_mid,2,0,0,0,0,0,0,0
AAATCGTGTACCACAA-1_Br2720_mid,4,0,1,0,0,0,0,0
AAATCTAGCCCTGCTA-1_Br2720_mid,2,0,2,0,0,0,0,0
AAATGACTGATCAAAC-1_Br2720_mid,3,0,0,0,1,0,0,0
AAATTAACGGGTAGCT-1_Br2720_mid,9,3,2,1,4,1,0,0
AACAATACATTGTCGA-1_Br2720_mid,0,0,0,0,1,0,0,0
AACACACGCTCGCCGC-1_Br2720_mid,1,0,0,0,0,0,0,0
AACAGGTAGTATGGAT-1_Br2720_mid,4,2,0,0,0,0,1,0
AACATAGCGTGTATCG-1_Br2720_mid,4,0,0,0,2,1,0,0
AACATTGTGACTCGAG-1_Br2720_mid,8,1,3,0,3,0,0,0
AACCCGACAACCCGTG-1_Br2720_mid,6,3,0,0,7,0,0,1
AACCCGAGCAGAATCG-1_Br2720_mid,4,4,0,0,0,0,0,0
AACCCGCTGTATTCCA-1_Br2720_mid,12,0,1,0,9,0,0,0
AACCCTACTGTCAATA-1_Br2720_mid,5,0,0,0,5,0,0,0
AACCGCTAAGGGATGC-1_Br2720_mid,3,1,0,0,3,0,0,0
AACCTCGCTTTAGCCC-1_Br2720_mid,2,0,0,0,1,1,0,2
AACCTTTAAATACGGT-1_Br2720_mid,9,2,2,0,4,0,0,0
AACGACCTCCTAGCCG-1_Br2720_mid,10,6,0,0,5,2,0,0
AACGATAATGCCGTAG-1_Br2720_mid,6,1,1,1,2,0,0,0
AACGCGACCTTGGGCG-1_Br2720_mid,1,0,0,0,0,0,0,0
AACGCTGTTGCTGAAA-1_Br2720_mid,5,0,0,0,4,0,0,0
AACGGACGTACGTATA-1_Br2720_mid,2,0,0,0,1,0,0,0
AACGTCATCCGGCTTG-1_Br2720_mid,2,0,0,0,0,0,0,0
AACGTCGCTGCACTTC-1_Br2720_mid,6,0,1,0,3,0,1,0
AACGTGCGAAAGTCTC-1_Br2720_mid,5,1,1,0,2,0,0,0
AACGTTCTACCATTGT-1_Br2720_mid,5,1,0,0,7,0,0,0
AACTACCCGTTTGTCA-1_Br2720_mid,1,1,0,0,0,0,0,0
AACTAGGCTTGGGTGT-1_Br2720_mid,8,1,0,1,4,0,0,0
AACTCCAGAGCGTGTT-1_Br2720_mid,3,1,0,2,1,0,2,0
AACTCTCAATAGAGCG-1_Br2720_mid,5,1,1,0,4,0,0,3
AACTCTCAGTGTGCTC-1_Br2720_mid,2,0,0,0,2,0,1,0
AACTGAGTTATACTGA-1_Br2720_mid,3,2,0,1,1,0,1,0
AAGACATACGTGGTTT-1_Br2720_mid,5,0,1,0,3,0,0,0
AAGACCCAACTGAACA-1_Br2720_mid,7,0,8,0,2,0,0,0
AAGACTGCAAGCTACT-1_Br2720_mid,5,0,0,0,1,0,0,0
AAGAGCTCTTTATCGG-1_Br2720_mid,7,1,3,0,3,0,0,0
AAGAGGCATGGATCGC-1_Br2720_mid,6,0,2,0,1,1,0,0
AAGAGGCCCTTTGGAA-1_Br2720_mid,3,1,0,1,3,0,0,0
AAGATGGCACCGGACC-1_Br2720_mid,2,0,0,0,2,0,0,0
AAGCACCCTGCGTATC-1_Br2720_mid,4,1,1,0,1,0,0,0
AAGCATACTCTCCTGA-1_Br2720_mid,4,0,0,0,2,0,0,0
AAGCCGAAGCGGTTTA-1_Br2720_mid,4,0,0,0,1,0,0,0
AAGCCGGAGAGCAGGA-1_Br2720_mid,4,0,0,0,2,0,0,0
AAGCGCAGGGCTTTGA-1_Br2720_mid,3,1,3,1,0,0,0,0
AAGCTAGATCGAGTAA-1_Br2720_mid,3,1,3,0,0,0,0,0
AAGCTCGTGCCAAGTC-1_Br2720_mid,4,1,1,0,0,0,0,0
AAGCTCTTTCATGGTG-1_Br2720_mid,1,1,0,0,0,1,0,0
AAGGATCGATCGCTTG-1_Br2720_mid,7,3,0,1,1,0,3,0
AAGGGTTAGCCATGCG-1_Br2720_mid,3,3,0,0,1,0,0,0
AAGGTGATAAACCAGC-1_Br2720_mid,6,3,0,0,1,0,0,0
AAGTCAATTGTCGTCA-1_Br2720_mid,7,4,0,0,3,0,0,0
AAGTGAGTCGGGTTTA-1_Br2720_mid,7,0,5,0,1,0,0,0
AAGTGCCTTGACTGTA-1_Br2720_mid,4,0,0,0,4,0,0,0
AAGTGCTTCTCTATTG-1_Br2720_mid,1,1,0,0,0,0,0,0
AAGTGTTTGGAGACGG-1_Br2720_mid,3,1,0,0,0,0,0,0
AAGTTCACTCCAAGCT-1_Br2720_mid,4,0,0,0,0,1,0,0
AAGTTGTGATGTTATA-1_Br2720_mid,3,0,0,0,2,0,0,0
AAGTTTATGGGCCCAA-1_Br2720_mid,4,0,2,0,1,0,0,0
AATAACGTCGCGCCCA-1_Br2720_mid,5,1,0,0,2,0,1,0
AATAATCTTCGTATCG-1_Br2720_mid,6,1,0,0,2,0,0,0
AATACCGGAGGGCTGT-1_Br2720_mid,2,0,0,0,0,0,0,0
AATACCTGATGTGAAC-1_Br2720_mid,7,0,2,0,7,0,1,0
AATAGAACAGAGTGGC-1_Br2720_mid,2,0,0,0,1,0,0,0
AATAGAATCTGTTTCA-1_Br2720_mid,5,0,1,0,2,1,0,0
AATAGTCCGTCCCGAC-1_Br2720_mid,8,2,3,1,3,0,0,0
AATATCGAATCAATGC-1_Br2720_mid,1,0,0,0,0,0,0,0
AATCAGGTTTCATTTA-1_Br2720_mid,1,0,0,0,1,0,0,0
AATCATGTAAAGACTC-1_Br2720_mid,4,1,0,0,3,0,0,1
AATCCCGCTCAGAGCC-1_Br2720_mid,6,0,1,0,0,0,0,0
AATCGAGGTCTCAAGG-1_Br2720_mid,3,1,0,0,4,0,0,0
AATCGCCTCAGCGCCA-1_Br2720_mid,5,1,1,0,3,0,0,0
AATCGCGCAGAGGACT-1_Br2720_mid,4,0,0,0,3,2,0,0
AATCGGTATAGCCCTC-1_Br2720_mid,1,0,0,0,2,0,0,0
AATCGTGAGCCGAGCA-1_Br2720_mid,1,0,0,1,0,0,0,0
AATGACGTAGGATGTC-1_Br2720_mid,7,2,1,0,3,0,0,0
AATGTTAAGACCCTGA-1_Br2720_mid,5,3,2,0,2,0,0,1
AATGTTGTCGTGAGAC-1_Br2720_mid,1,0,0,0,0,0,0,0
AATTAACGGATTTCCA-1_Br2720_mid,6,0,2,0,4,0,0,0
AATTAGCGCTGCAGCG-1_Br2720_mid,5,0,0,0,3,1,0,0
AATTATACCCAGCAAG-1_Br2720_mid,3,3,0,0,2,0,0,1
AATTCCAAGCATGTAC-1_Br2720_mid,3,3,0,0,0,0,0,0
AATTCGATTCGAGGAT-1_Br2720_mid,7,2,1,0,2,0,0,0
AATTCTAGAGTTAGGC-1_Br2720_mid,10,1,3,0,6,0,1,2
AATTGAACGCTCTGGT-1_Br2720_mid,4,0,1,0,3,0,0,0
AATTGCAGCAATCGAC-1_Br2720_mid,10,2,1,0,3,0,4,0
AATTGTGGTTGCCAAA-1_Br2720_mid,4,1,0,0,2,2,0,0
ACAAACTCCATCAGAG-1_Br2720_mid,5,2,0,0,3,0,0,0
ACAAAGCATGACCTAG-1_Br2720_mid,4,1,0,0,6,0,0,0
ACAAATCGCACCGAAT-1_Br2720_mid,3,2,0,0,0,1,0,0
ACAAATGGTAGTGTTT-1_Br2720_mid,3,0,2,1,1,0,0,0
ACAAGGAAATCCGCCC-1_Br2720_mid,7,2,1,0,2,1,0,3
ACAAGGATGCTTTAGG-1_Br2720_mid,7,4,0,0,1,0,1,0
ACAATTGTGTCTCTTT-1_Br2720_mid,6,0,0,0,5,0,0,0
ACACACCAGGACCAGT-1_Br2720_mid,4,1,0,1,3,0,0,1
ACACATTTCCGTAGAC-1_Br2720_mid,6,2,1,0,3,0,0,1
ACACCTTACTACTTGC-1_Br2720_mid,4,3,0,0,2,0,0,0
ACACGTAGGCCACAAG-1_Br2720_mid,4,1,1,2,3,0,0,0
ACACTGATCAAGGTGT-1_Br2720_mid,2,0,0,0,1,0,0,1
ACACTGGGACAGTCGT-1_Br2720_mid,5,1,0,0,4,1,0,0
ACAGCGACATTCTCAT-1_Br2720_mid,2,0,0,0,1,0,0,0
ACAGGCACGGATCCTT-1_Br2720_mid,5,4,1,0,2,0,0,0
ACAGGCTTGCCCGACT-1_Br2720_mid,2,0,0,0,3,0,0,0
ACATACAATCAAGCGG-1_Br2720_mid,2,0,0,0,1,0,0,0
ACATCCCGGCCATACG-1_Br2720_mid,6,0,0,1,2,0,0,0
ACATCCTGGTAACTGT-1_Br2720_mid,5,1,1,0,3,1,0,0
ACATCGATCGTTTACC-1_Br2720_mid,9,2,1,0,3,2,0,0
ACATCGTATGCAATGG-1_Br2720_mid,6,2,0,0,2,0,0,0
ACATGGCGCCAAAGTA-1_Br2720_mid,6,1,0,0,4,1,0,0
ACATTAGTTTATATCC-1_Br2720_mid,6,0,1,0,1,1,0,0
ACATTTGAAACCTAAC-1_Br2720_mid,3,1,1,0,1,0,0,0
ACCAACCGCACTCCAC-1_Br2720_mid,9,2,1,2,3,2,0,0
ACCAACGCTTATTTAT-1_Br2720_mid,4,0,1,0,1,0,0,0
ACCAAGTCATCGGCAG-1_Br2720_mid,3,0,0,0,1,0,0,0
ACCAATATGCAAGTTA-1_Br2720_mid,8,0,6,0,2,0,0,0
ACCACACGGTTGATGG-1_Br2720_mid,5,5,0,1,1,0,0,0
ACCACCAATGTAACAA-1_Br2720_mid,5,3,0,2,6,0,0,0
ACCACGTGCAGCTATA-1_Br2720_mid,7,1,1,0,4,1,0,0
ACCAGTGCGGGAGACG-1_Br2720_mid,3,0,0,0,1,1,0,0
ACCCATTTGTCCCTCT-1_Br2720_mid,11,5,2,0,5,2,0,0
ACCCGATTGGTTCCGA-1_Br2720_mid,3,0,0,0,0,2,0,0
ACCCGGAAACTCCCAG-1_Br2720_mid,6,1,1,0,2,0,0,0
ACCCGGAGCACCACAA-1_Br2720_mid,6,2,0,0,3,0,0,0
ACCCGGATGACGCATC-1_Br2720_mid,6,3,2,0,1,0,1,0
ACCCGTAGTCTAGTTG-1_Br2720_mid,6,7,0,0,1,0,0,0
ACCCGTGTCATCAGTA-1_Br2720_mid,7,0,1,0,5,0,0,0
ACCCTATGCCATATCG-1_Br2720_mid,3,1,0,0,2,2,0,0
ACCCTCCCGTCAGGGC-1_Br2720_mid,6,0,0,0,3,0,0,0
ACCCTCCCTTGCTATT-1_Br2720_mid,6,1,2,1,2,0,0,0
ACCGACACATCTCCCA-1_Br2720_mid,11,0,2,1,5,0,3,0
ACCGAGTCTCCTTATT-1_Br2720_mid,1,0,0,0,0,0,0,0
ACCGATAGGCATAACC-1_Br2720_mid,2,0,0,0,1,0,0,0
ACCGATATTTAATCAT-1_Br2720_mid,4,2,0,0,5,0,0,0
ACCGATGGTAGCATCG-1_Br2720_mid,2,0,0,0,1,0,0,0
ACCGCAATAACTGCCT-1_Br2720_mid,5,2,3,0,0,0,0,0
ACCGCGGTGGAAGTCG-1_Br2720_mid,2,2,0,0,0,0,0,0
ACCGCTAGTCATTGGT-1_Br2720_mid,4,0,0,0,1,0,0,0
ACCGGGCCTTTGTTGA-1_Br2720_mid,10,1,2,1,4,2,0,0
ACCGTGACCACGTGGG-1_Br2720_mid,2,0,0,0,2,0,1,0
ACCTACAGTATGTGGT-1_Br2720_mid,0,0,0,0,0,0,0,0
ACCTACTATAAATCTA-1_Br2720_mid,6,2,1,0,2,2,1,0
ACCTCAGCGAGGCGCA-1_Br2720_mid,5,0,0,0,6,0,1,0
ACCTCCGCCCTCGCTG-1_Br2720_mid,4,0,1,0,4,0,1,0
ACGACCCATGAGTTGC-1_Br2720_mid,6,2,0,0,2,0,1,0
ACGACTCTAGGGCCGA-1_Br2720_mid,6,1,0,0,3,0,0,0
ACGACTGGTCATACTC-1_Br2720_mid,0,0,0,0,0,0,0,0
ACGCAAACTAATAGAT-1_Br2720_mid,1,0,0,1,1,0,0,0
ACGCATACGTTTACTA-1_Br2720_mid,7,5,0,0,3,0,0,0
ACGCATTCGTGAGTAC-1_Br2720_mid,4,1,1,0,1,0,0,0
ACGCCACTCGAAACAG-1_Br2720_mid,4,1,0,0,1,0,0,2
ACGCCAGTGCGTTTGC-1_Br2720_mid,7,2,1,0,4,0,0,0
ACGCCGCTAGACGACC-1_Br2720_mid,10,0,7,0,3,0,0,2
ACGCGAAGTCAGACGA-1_Br2720_mid,7,9,0,0,0,0,0,1
ACGCGGGCCAAGGACA-1_Br2720_mid,5,0,4,0,2,0,0,0
ACGCTACTGAATGGGC-1_Br2720_mid,7,0,0,2,4,0,0,1
ACGGAACACGAGTGCC-1_Br2720_mid,6,0,1,1,5,0,0,0
ACGGACTCTCAAAGCG-1_Br2720_mid,5,1,3,0,0,0,0,0
ACGGATGGTGCGGATA-1_Br2720_mid,4,1,3,0,1,0,1,0
ACGGCACTTGCTTGGG-1_Br2720_mid,11,0,1,0,5,0,0,0
ACGGCCAACATGGACT-1_Br2720_mid,8,0,2,0,3,2,0,0
ACGGCGACGATGGGAA-1_Br2720_mid,7,0,2,0,3,0,1,0
ACGGTACAGTTCAATG-1_Br2720_mid,5,0,1,0,1,0,0,0
ACGTACTTTGGCACGG-1_Br2720_mid,5,0,0,0,2,2,0,0
ACGTAGATTGCTGATG-1_Br2720_mid,10,3,2,0,2,0,0,0
ACGTAGGAGAGTCGCT-1_Br2720_mid,8,2,0,0,4,0,0,0
ACGTATTACTCCGATC-1_Br2720_mid,5,0,0,0,6,0,0,0
ACGTTAATGTCGAAGA-1_Br2720_mid,6,0,1,1,4,0,0,1
ACGTTCACTATGCCGC-1_Br2720_mid,1,0,0,0,1,0,0,0
ACGTTCGTTCAGGAAA-1_Br2720_mid,1,0,0,0,0,2,0,1
ACGTTCTGTACAAGTC-1_Br2720_mid,3,0,0,1,4,0,0,0
ACGTTTCGGTGCACTT-1_Br2720_mid,7,3,1,0,2,2,0,0
ACTACAAAGAGAGGTG-1_Br2720_mid,4,0,0,0,1,0,1,0
ACTACGCGTTAGAATT-1_Br2720_mid,6,0,1,0,2,0,0,0
ACTAGTTGCGATCGTC-1_Br2720_mid,8,1,0,0,6,1,0,0
ACTATCTGCCCGCGTA-1_Br2720_mid,4,1,0,1,1,0,0,0
ACTATTTCCGGGCCCA-1_Br2720_mid,3,1,0,0,0,0,0,0
ACTCAAGTGCAAGGCT-1_Br2720_mid,2,2,1,0,0,1,1,0
ACTCCCTAATGCTAAA-1_Br2720_mid,11,0,2,0,9,0,0,0
ACTCCCTAGAATAGTA-1_Br2720_mid,11,1,3,0,5,1,0,0
ACTCCGGCCGACCACT-1_Br2720_mid,1,0,0,0,0,1,0,0
ACTCGCCGTTCGATAA-1_Br2720_mid,2,0,0,0,3,0,0,0
ACTCGTCAGTAATCCC-1_Br2720_mid,7,1,1,0,3,0,0,0
ACTCTCTGACTTAGGT-1_Br2720_mid,7,1,4,0,3,1,0,0
ACTCTGACCTAATAGA-1_Br2720_mid,3,0,1,0,0,0,0,0
ACTCTTGTATAGTAAC-1_Br2720_mid,10,1,4,1,7,0,0,0
ACTGAAACGCCGTTAG-1_Br2720_mid,4,2,0,0,1,1,0,0
ACTGAATGGCGAAAGT-1_Br2720_mid,3,0,0,0,0,0,0,0
ACTGGGATGCCAGTGC-1_Br2720_mid,1,0,0,1,0,0,0,0
ACTTACGCATCCACGC-1_Br2720_mid,8,1,4,0,1,4,0,0
ACTTATACTTACCCGG-1_Br2720_mid,2,0,0,0,2,0,0,0
ACTTATTTATGTGCCA-1_Br2720_mid,7,3,2,1,2,0,1,0
ACTTCAGGCTGATCCC-1_Br2720_mid,4,1,0,0,1,0,0,0
ACTTCCATGCGGGACA-1_Br2720_mid,2,2,0,0,1,0,0,0
ACTTGACTCCCTCTTT-1_Br2720_mid,11,1,5,0,5,0,0,1
ACTTGGGCTTTCGCCA-1_Br2720_mid,2,0,0,0,0,0,0,0
ACTTGTGGATGGAACG-1_Br2720_mid,3,2,0,0,1,0,0,0
ACTTGTTACCGGATCA-1_Br2720_mid,3,1,0,0,1,1,0,0
ACTTTGTCGACGCACT-1_Br2720_mid,7,1,0,0,7,1,0,0
AGAAATTATGACTCGC-1_Br2720_mid,5,1,0,1,3,0,0,0
AGAACTGTACTTTGTA-1_Br2720_mid,2,1,0,0,1,0,0,0
AGAAGGTTGTAGGTCG-1_Br2720_mid,5,1,2,0,2,1,0,0
AGAATACAGGCTATCC-1_Br2720_mid,9,2,0,1,12,0,0,0
AGACAGGCATCTCAGC-1_Br2720_mid,7,0,1,0,4,4,0,0
AGACCCACCGCTGATC-1_Br2720_mid,7,2,2,0,0,0,0,0
AGACCGCTCCGCGGTT-1_Br2720_mid,2,0,0,0,1,0,0,0
AGACGAAGTGCCGGTC-1_Br2720_mid,4,5,0,0,0,0,0,0
AGACGCCCACTTCGCC-1_Br2720_mid,3,0,0,1,2,0,0,0
AGACTGTTACCGGGTC-1_Br2720_mid,2,0,1,1,1,0,0,1
AGAGAAACACCAGAAA-1_Br2720_mid,0,0,0,0,0,0,0,0
AGAGCCGCCGAGATTT-1_Br2720_mid,3,0,0,0,2,0,0,0
AGAGGCTTCGGAAACC-1_Br2720_mid,10,0,2,0,5,3,0,1
AGAGTAAACTTCACTA-1_Br2720_mid,3,0,1,0,2,0,1,0
AGAGTCTTAATGAAAG-1_Br2720_mid,3,0,0,0,2,0,0,0
AGATACCAATAGAACC-1_Br2720_mid,3,0,0,0,2,0,0,0
AGATACTCAAGATCGA-1_Br2720_mid,3,1,1,1,0,0,0,0
AGATATAATACGACTA-1_Br2720_mid,4,1,1,0,3,0,0,0
AGCAAAGGCCGCTAGT-1_Br2720_mid,6,3,1,0,2,0,0,0
AGCAACATATCTTATT-1_Br2720_mid,3,2,1,0,0,1,0,0
AGCACTACCTCACCAG-1_Br2720_mid,4,0,4,0,2,2,0,0
AGCAGAAGGAGAAAGA-1_Br2720_mid,11,1,6,0,6,0,0,0
AGCAGCCAGATGAATA-1_Br2720_mid,8,0,1,1,5,0,0,0
AGCAGTCGAAGCATGC-1_Br2720_mid,5,4,0,0,6,0,0,0
AGCATATCAATATGCT-1_Br2720_mid,4,1,1,0,1,0,0,0
AGCATTACGAGGCAAG-1_Br2720_mid,3,0,0,0,4,0,0,0
AGCCAAGCTTTGTGTC-1_Br2720_mid,5,4,0,1,3,0,0,0
AGCCACAGGTTACCCG-1_Br2720_mid,3,2,0,0,2,0,2,0
AGCCATATAGTATGTG-1_Br2720_mid,8,1,3,0,2,0,0,0
AGCCCGCAACAAGCAG-1_Br2720_mid,6,1,2,0,2,0,0,0
AGCCCGCACTACAATG-1_Br2720_mid,5,6,0,1,2,0,0,1
AGCCCGGTAGCCTGTA-1_Br2720_mid,1,0,1,0,0,1,0,0
AGCCCTTGGACATCCC-1_Br2720_mid,2,1,0,1,1,0,1,0
AGCGACTTTGAAGACA-1_Br2720_mid,1,0,0,0,1,0,0,0
AGCGATGCGCCTAATA-1_Br2720_mid,8,4,1,0,4,1,0,0
AGCGCATAATGAATCG-1_Br2720_mid,3,0,1,0,0,0,0,0
AGCGGACACTTCGTAG-1_Br2720_mid,9,1,0,2,5,1,1,0
AGCGGGTCTGACACTC-1_Br2720_mid,9,1,3,0,4,1,0,0
AGCGTGGTATTCTACT-1_Br2720_mid,10,1,7,0,1,0,0,0
AGCTAAGCTCCGTCCG-1_Br2720_mid,2,0,1,0,1,0,0,0
AGCTAAGTACGCAGGC-1_Br2720_mid,3,0,0,0,5,0,0,0
AGCTACGAATGGTGGT-1_Br2720_mid,2,2,0,0,0,0,0,0
AGCTCCATATATGTTC-1_Br2720_mid,1,0,0,0,1,0,0,0
AGCTCCTTCGCACATC-1_Br2720_mid,1,0,0,0,0,0,0,0
AGCTCTAGACGTTCCA-1_Br2720_mid,5,1,0,0,2,1,0,0
AGCTCTTCGTAACCTT-1_Br2720_mid,7,2,0,0,6,0,1,1
AGCTTCTTCTCGAGCA-1_Br2720_mid,6,1,1,0,1,1,0,0
AGGAACGAACGACTTC-1_Br2720_mid,2,1,0,0,0,0,0,0
AGGAAGCTGTCCGCCG-1_Br2720_mid,11,0,4,0,5,1,0,1
AGGACAGTCGAATCCC-1_Br2720_mid,8,0,0,0,10,0,0,1
AGGACATCGGCACACT-1_Br2720_mid,1,1,0,0,0,0,0,0
AGGAGCGTTTATTATC-1_Br2720_mid,8,1,0,0,7,0,0,0
AGGAGGCCTTCGCGCG-1_Br2720_mid,5,1,0,0,3,0,0,0
AGGATAAAGTCGGGAT-1_Br2720_mid,8,2,3,2,1,0,0,0
AGGATATAGGGATTTA-1_Br2720_mid,2,0,1,0,0,0,0,0
AGGATATCCGACTGCA-1_Br2720_mid,5,0,0,0,3,0,0,1
AGGCACGTGACTGTCC-1_Br2720_mid,4,1,1,0,0,0,0,0
AGGCAGGGAGCGTACT-1_Br2720_mid,6,0,2,0,2,0,0,0
AGGCATTGTCGTAGGG-1_Br2720_mid,5,1,1,0,4,0,0,0
AGGCCACATTGGTTAC-1_Br2720_mid,6,6,0,0,0,1,1,0
AGGCCTATCATACCAA-1_Br2720_mid,6,0,0,0,3,0,0,0
AGGCCTGAGAATCTCG-1_Br2720_mid,6,0,1,0,4,0,1,0
AGGCGATAACTGGCGT-1_Br2720_mid,5,1,0,0,3,0,0,0
AGGCTTAAGTTGCACA-1_Br2720_mid,4,0,0,0,4,0,0,0
AGGGACTCTACGCGAC-1_Br2720_mid,2,0,0,0,1,0,0,0
AGGGCCCTAATGTTCT-1_Br2720_mid,6,5,0,0,3,0,0,0
AGGGCTGCAGTTACAG-1_Br2720_mid,10,2,5,0,1,0,1,0
AGGGTCAGAGCACTCG-1_Br2720_mid,1,0,0,0,1,0,0,0
AGGGTCGATGCGAACT-1_Br2720_mid,2,0,0,0,0,0,1,0
AGGGTCTGGACGCAGT-1_Br2720_mid,6,0,0,0,3,2,0,0
AGGGTTCAGACGGTCC-1_Br2720_mid,4,1,2,0,0,0,0,0
AGGGTTTAGTTCGGGA-1_Br2720_mid,3,0,1,0,0,0,0,0
AGGTAGATCGAGATAT-1_Br2720_mid,6,2,1,2,3,1,0,0
AGGTCGCCTCCCAACA-1_Br2720_mid,5,3,0,0,2,0,0,1
AGGTGCACGTCCACAT-1_Br2720_mid,2,0,0,0,2,0,0,0
AGGTGGTGACCTTCGC-1_Br2720_mid,7,1,3,0,3,1,0,1
AGGTGTTGCCGACCAC-1_Br2720_mid,6,1,0,0,4,0,0,1
AGGTTACACCATGCCG-1_Br2720_mid,5,2,0,0,3,1,0,0
AGGTTTCACACACCTT-1_Br2720_mid,5,1,0,0,3,0,0,1
AGTAACTATAGCAGCC-1_Br2720_mid,1,0,0,0,1,0,0,0
AGTAAGGGACAGAATC-1_Br2720_mid,2,0,0,0,1,1,0,0
AGTAATCTAAGGGTGG-1_Br2720_mid,6,2,2,0,3,0,0,0
AGTACAGAAGCTTATA-1_Br2720_mid,3,0,0,0,1,0,0,0
AGTACTCTTATGCCCA-1_Br2720_mid,4,0,0,0,1,0,0,0
AGTAGAAGGCGCCTCA-1_Br2720_mid,7,0,3,0,2,0,3,0
AGTATACACAGCGACA-1_Br2720_mid,2,0,1,0,1,0,0,1
AGTATTTGGCACGACC-1_Br2720_mid,8,2,7,0,1,0,0,0
AGTCAAATGATGTGAT-1_Br2720_mid,1,1,0,2,1,0,0,0
AGTCAAGATGACACTT-1_Br2720_mid,9,0,0,2,9,0,0,0
AGTCACTAGCTCTCGA-1_Br2720_mid,10,0,1,0,6,5,0,0
AGTCCATTGGCTGATG-1_Br2720_mid,4,0,0,0,0,0,0,0
AGTCGAATTAGCGTAA-1_Br2720_mid,4,1,0,0,0,0,0,0
AGTCGACGGTCTCAAG-1_Br2720_mid,2,0,0,0,1,0,2,0
AGTCGTATAAAGCAGA-1_Br2720_mid,2,0,0,0,0,1,0,0
AGTCGTCGACCACCAA-1_Br2720_mid,4,1,1,0,1,0,0,0
AGTCTTTAAAGTGTCC-1_Br2720_mid,2,0,0,0,1,0,0,0
AGTGAACAAACTTCTC-1_Br2720_mid,5,0,0,0,5,0,0,0
AGTGACCTACTTTACG-1_Br2720_mid,6,2,1,0,2,1,0,1
AGTGAGACTTCCAGTA-1_Br2720_mid,2,0,1,0,0,0,0,0
AGTGAGTCGAATTAAC-1_Br2720_mid,4,1,0,0,1,2,1,0
AGTGATAACCTGCGCG-1_Br2720_mid,4,0,1,0,3,0,0,0
AGTGATATGAGTAGTT-1_Br2720_mid,2,0,0,0,2,0,0,0
AGTGCACGCTTAAGAA-1_Br2720_mid,3,1,0,0,0,0,0,0
AGTGCTAAACACAGCA-1_Br2720_mid,5,1,0,0,3,2,0,0
AGTGCTTGCACGAATA-1_Br2720_mid,4,0,0,0,3,0,0,0
AGTGGCCCGCAAATGG-1_Br2720_mid,5,0,0,0,3,0,0,0
AGTGGCGTCTGAAGGT-1_Br2720_mid,3,0,2,0,2,0,0,3
AGTTATTCAGACTGTG-1_Br2720_mid,1,0,0,0,0,0,0,1
AGTTCCTATTTATGTT-1_Br2720_mid,10,2,1,0,3,0,0,0
AGTTGACGGTCCTTGC-1_Br2720_mid,5,0,0,1,3,0,0,0
AGTTGGCAAGGCTAGA-1_Br2720_mid,6,1,0,0,4,0,0,0
AGTTTGCACCTGCCTC-1_Br2720_mid,5,0,4,2,1,0,0,0
AGTTTGGCACGGGTTG-1_Br2720_mid,5,6,0,0,1,0,0,0
ATAAACGGACCCGTAA-1_Br2720_mid,8,0,3,0,4,1,0,0
ATAAACGTTGCACCAC-1_Br2720_mid,5,0,0,1,4,1,0,0
ATAACGCCGGAGGGTC-1_Br2720_mid,4,0,2,1,0,1,1,0
ATAAGGTGGAGAACAT-1_Br2720_mid,5,2,1,0,0,0,0,0
ATAAGTTACCGCGACG-1_Br2720_mid,5,0,0,0,4,0,0,0
ATAATAGCTGTTGAAT-1_Br2720_mid,5,1,3,0,1,0,0,0
ATAATCTTGGAGAACC-1_Br2720_mid,2,6,2,0,0,0,0,0
ATAATTAGCTAAGTAG-1_Br2720_mid,6,0,3,0,4,0,0,1
ATACAGGCCCTCCAAT-1_Br2720_mid,6,1,1,0,2,0,0,0
ATACCTAACCAAGAAA-1_Br2720_mid,4,3,1,0,0,0,0,2
ATACGAGGTTTGTAAG-1_Br2720_mid,3,0,0,1,2,0,0,0
ATACGCCGGCGAAACC-1_Br2720_mid,12,2,2,1,5,2,0,0
ATACGTACTTAGCCAC-1_Br2720_mid,4,0,1,0,0,1,1,0
ATACGTCCACTCCTGT-1_Br2720_mid,4,1,0,0,1,1,0,0
ATACGTTATGCACGGA-1_Br2720_mid,8,1,3,0,0,0,0,0
ATACTACCCGTACCAC-1_Br2720_mid,4,0,0,0,3,2,0,0
ATACTGCCTTACACCG-1_Br2720_mid,3,0,0,0,6,0,0,0
ATAGCAACTAGGGAAG-1_Br2720_mid,3,0,0,0,1,0,0,0
ATAGCCATAACAGTCA-1_Br2720_mid,4,0,0,0,2,1,2,0
ATAGTGAAGCGTTCTC-1_Br2720_mid,3,0,0,1,2,1,0,0
ATAGTTCCACCCACTC-1_Br2720_mid,6,0,0,0,6,0,0,0
ATATAAAGCGCTCGTG-1_Br2720_mid,10,2,2,0,4,1,0,0
ATATAAATGTAGCTGC-1_Br2720_mid,6,0,0,0,5,0,0,0
ATATAACACGGGCGCA-1_Br2720_mid,7,4,0,0,2,2,0,1
ATATACGCTCGTGACG-1_Br2720_mid,2,0,0,0,2,0,0,0
ATATCGTTCCTCGAAC-1_Br2720_mid,3,4,0,0,0,0,0,0
ATATCTTAGGGCCTTC-1_Br2720_mid,9,0,1,0,7,0,0,0
ATATGGGATAGCAACT-1_Br2720_mid,5,0,0,0,1,0,0,0
ATATGTCTAGAGCGTG-1_Br2720_mid,4,2,0,1,2,0,0,0
ATATTCCACATAGTGA-1_Br2720_mid,6,3,1,0,4,0,0,0
ATATTGGAGAGGCCTT-1_Br2720_mid,5,1,0,0,2,0,0,0
ATCAAACACTGTTCCA-1_Br2720_mid,4,0,1,0,5,0,0,0
ATCAAAGAGCCGTGGT-1_Br2720_mid,5,0,0,0,2,0,0,0
ATCAAGATCCCAGGAC-1_Br2720_mid,5,1,1,0,1,0,0,0
ATCAATCTGGGCTGCA-1_Br2720_mid,5,1,4,0,0,0,0,0
ATCAGCCTCATGCTGC-1_Br2720_mid,1,0,0,0,0,0,0,0
ATCATAGATCGACGAG-1_Br2720_mid,8,1,3,0,3,0,0,0
ATCATAGCCCTATGTA-1_Br2720_mid,3,0,0,0,2,0,1,0
ATCATCCAATATTTGT-1_Br2720_mid,5,1,1,0,3,0,0,0
ATCCACATCGACAGAA-1_Br2720_mid,12,5,2,0,0,1,0,0
ATCCAGAGCAACAACC-1_Br2720_mid,3,1,2,1,1,0,1,0
ATCCCATTTCCGTGGG-1_Br2720_mid,7,1,3,0,2,0,0,0
ATCCGGACCAGCCTGA-1_Br2720_mid,3,1,1,0,1,4,1,0
ATCCTGCGTGGAATGG-1_Br2720_mid,0,0,0,0,0,0,0,0
ATCCTTCTGAAAGAAC-1_Br2720_mid,7,0,1,0,6,0,0,0
ATCGACCCAATACAGA-1_Br2720_mid,13,2,3,0,4,4,0,0
ATCGCCAGTCAACATT-1_Br2720_mid,6,2,0,1,2,1,0,0
ATCGCCGTGGTTCATG-1_Br2720_mid,5,1,0,0,4,0,0,0
ATCGGAGACAGACGGC-1_Br2720_mid,5,0,3,0,1,0,0,1
ATCGTTAGCTAGCGGA-1_Br2720_mid,4,2,0,0,2,0,0,0
ATCTAATATCCTACGG-1_Br2720_mid,8,1,2,0,1,1,0,0
ATCTACCATCTGCTCC-1_Br2720_mid,2,3,0,0,1,0,0,0
ATCTAGCTTGTGAGGG-1_Br2720_mid,4,0,0,0,1,0,0,0
ATCTCCCACGGAATAT-1_Br2720_mid,8,0,0,2,4,1,0,0
ATCTCGTGAGCGAAAC-1_Br2720_mid,1,0,0,1,1,0,0,0
ATCTGACATGGAAGGA-1_Br2720_mid,7,1,2,0,5,0,0,0
ATCTGCTGTTATCGCC-1_Br2720_mid,8,2,1,0,3,0,0,0
ATCTGGGCTGTTCTTG-1_Br2720_mid,6,0,0,0,4,0,1,0
ATCTTATCGCACACCC-1_Br2720_mid,3,1,1,0,2,0,0,0
ATGACTATCAGCTGTG-1_Br2720_mid,4,0,3,0,1,2,0,0
ATGACTATGCGACATT-1_Br2720_mid,3,0,0,0,0,0,0,0
ATGATGCAATGGTACA-1_Br2720_mid,3,0,1,0,1,3,0,1
ATGCCATTTGCGACCA-1_Br2720_mid,5,1,0,0,5,0,0,0
ATGCGACAGTCCCATT-1_Br2720_mid,7,0,2,1,4,0,0,0
ATGCGAGTCCCACCAC-1_Br2720_mid,1,0,0,0,1,0,1,0
ATGCTCTGGCGCGGTA-1_Br2720_mid,7,2,2,0,3,0,1,0
ATGCTTAGGAGTTGAT-1_Br2720_mid,3,0,0,0,0,0,0,0
ATGGACTGCTTAGTTG-1_Br2720_mid,3,0,0,0,1,0,0,0
ATGGAGCAGGCCGTGA-1_Br2720_mid,16,3,5,2,6,0,0,0
ATGGCCCGAAAGGTTA-1_Br2720_mid,6,0,0,0,4,0,0,0
ATGGGCCTCGGCCTCT-1_Br2720_mid,3,3,1,0,1,0,0,0
ATGGTATTGGGAACCG-1_Br2720_mid,7,0,0,0,1,3,0,0
ATGGTCGCGTGGTTTC-1_Br2720_mid,4,1,0,0,3,1,0,0
ATGTACATGCGGTGAG-1_Br2720_mid,3,1,0,0,1,0,0,0
ATGTACGATGACGTCG-1_Br2720_mid,7,0,0,0,3,3,0,1
ATGTAGCGCGCGTAGG-1_Br2720_mid,2,0,0,0,1,0,0,0
ATGTCATAATAAACGA-1_Br2720_mid,8,3,2,0,1,0,0,0
ATGTCTTGTTTGACTC-1_Br2720_mid,4,2,2,0,1,0,0,0
ATGTGGACATCTTGAT-1_Br2720_mid,6,0,3,0,0,0,0,2
ATGTTGATTAGAGACT-1_Br2720_mid,1,0,0,0,1,0,0,0
ATGTTGTAGTCTGTTT-1_Br2720_mid,4,0,2,0,1,0,0,0
ATTAAACATGCGGACC-1_Br2720_mid,5,2,1,0,1,0,0,0
ATTACATGTCAGTCTT-1_Br2720_mid,4,2,0,0,2,0,0,0
ATTACCACACTGCCTG-1_Br2720_mid,3,0,0,0,1,0,0,0
ATTAGGCGATGCTTTC-1_Br2720_mid,5,0,2,0,2,0,0,0
ATTATCGGAATGTACG-1_Br2720_mid,10,2,1,2,4,0,0,1
ATTATTATGTCCGTCA-1_Br2720_mid,2,1,0,0,0,0,1,0
ATTATTCAGAGTCACT-1_Br2720_mid,2,0,1,0,1,0,2,0
ATTCAACCATTTAAGG-1_Br2720_mid,6,2,2,2,3,0,0,0
ATTCACTGATGTTGGA-1_Br2720_mid,10,0,5,1,2,0,0,0
ATTCATATACTGTCCA-1_Br2720_mid,4,0,2,0,1,0,0,0
ATTCATCGTTGAGGCA-1_Br2720_mid,6,0,2,0,2,0,0,1
ATTCGCGCCTTGAGAG-1_Br2720_mid,7,2,0,0,5,0,0,0
ATTCGTCCCGAGGTTA-1_Br2720_mid,3,0,0,0,1,0,0,0
ATTCGTGCTATCTCTT-1_Br2720_mid,5,3,0,0,1,0,0,0
ATTCGTGTACCCATTC-1_Br2720_mid,6,2,2,0,2,0,0,0
ATTCGTTTATCGTATT-1_Br2720_mid,6,1,0,0,5,0,0,0
ATTGAATTCCCTGTAG-1_Br2720_mid,4,2,0,0,1,0,0,0
ATTGCCTTTATGTTTG-1_Br2720_mid,4,2,2,0,2,0,0,0
ATTGCGATCAGTAACT-1_Br2720_mid,2,0,0,0,1,2,0,0
ATTGGATTACAGCGTA-1_Br2720_mid,4,2,0,0,1,0,1,0
ATTGGTTGTGCATTAC-1_Br2720_mid,3,0,0,0,2,0,0,0
ATTGTCTGTTTCATGT-1_Br2720_mid,3,1,0,0,1,0,0,0
ATTGTTCAACGATCCG-1_Br2720_mid,3,0,0,0,1,0,0,1
ATTTATACTGGTAAAG-1_Br2720_mid,3,1,1,0,0,0,1,0
ATTTGTCTTGGGAGCT-1_Br2720_mid,10,2,2,0,3,2,1,0
CAAACCATAAGCGTAT-1_Br2720_mid,3,0,0,1,3,0,0,0
CAAACCCTCCGGCGGG-1_Br2720_mid,6,5,2,0,1,0,0,0
CAAACGAGTATCGCAG-1_Br2720_mid,4,1,1,0,2,0,1,0
CAAACTCGCGACGCCG-1_Br2720_mid,8,3,1,0,4,0,1,0
CAAAGGTCATCTGAAA-1_Br2720_mid,6,0,0,0,3,0,0,0
CAAATGTCCTTCCGTG-1_Br2720_mid,7,0,2,0,3,0,0,1
CAACCAGTGGCCTACC-1_Br2720_mid,3,0,0,0,0,0,0,0
CAACCTACCGAGCAGT-1_Br2720_mid,5,2,0,0,0,0,2,0
CAACGATCGATCCAAT-1_Br2720_mid,4,2,0,0,1,0,1,0
CAACGCGATGAGCCAA-1_Br2720_mid,5,2,0,0,4,0,0,0
CAACGTGGTGGAGTCT-1_Br2720_mid,3,0,0,0,5,0,0,0
CAACTGCTCATCCGAT-1_Br2720_mid,10,0,4,0,5,0,0,0
CAAGAGGGCGGAGTAC-1_Br2720_mid,6,0,4,0,1,0,0,0
CAAGATATTATAACGT-1_Br2720_mid,4,1,2,0,1,1,2,0
CAAGCGGCACATAATT-1_Br2720_mid,5,1,1,0,0,1,0,0
CAAGGATCGCATGTTC-1_Br2720_mid,3,0,1,1,1,0,1,0
CAAGGCCAGTGGTGCA-1_Br2720_mid,7,1,2,0,2,2,1,0
CAAGTAAGTGATAGAC-1_Br2720_mid,6,0,4,0,0,0,0,0
CAAGTCGTTGAAATCT-1_Br2720_mid,7,0,2,0,3,2,1,0
CAAGTGTGGTTGCAAA-1_Br2720_mid,5,1,0,0,2,1,0,0
CAATACGAGAGTCTGA-1_Br2720_mid,3,0,0,0,0,0,1,0
CAATATTCTTGACCTA-1_Br2720_mid,0,0,0,0,0,0,0,0
CAATGACCCTTAATTT-1_Br2720_mid,5,1,1,0,1,1,0,0
CAATGCGAGAAGTATC-1_Br2720_mid,2,0,0,0,1,2,0,0
CAATTTCGTATAAGGG-1_Br2720_mid,5,0,1,4,0,0,0,0
CACAAACCGCAGAACT-1_Br2720_mid,6,0,0,0,7,0,1,1
CACACACGCTAACGAG-1_Br2720_mid,10,2,0,0,6,0,0,0
CACACAGCTTGCGCTC-1_Br2720_mid,2,0,0,0,1,0,0,0
CACAGGGCCATATAGT-1_Br2720_mid,4,1,1,0,1,0,0,0
CACAGGGCCGTTGTCA-1_Br2720_mid,5,1,2,0,3,0,0,0
CACAGTCCCGCTTCGC-1_Br2720_mid,5,1,0,0,4,0,0,0
CACAGTTCGCTTCCCA-1_Br2720_mid,3,3,0,2,1,0,0,0
CACATATTAGCAGGAT-1_Br2720_mid,8,0,7,0,0,1,0,0
CACATCGTGCACGCGC-1_Br2720_mid,0,3,0,1,6,0,1,3
CACATCTCACCGACGA-1_Br2720_mid,6,0,1,0,0,0,0,1
CACATGATTCAGCAAC-1_Br2720_mid,2,0,0,0,4,1,0,0
CACATTTCTTGTCAGA-1_Br2720_mid,5,2,0,1,2,0,0,0
CACCCGCGTTTGACAC-1_Br2720_mid,1,0,1,0,0,0,0,0
CACCCTAACAAGATCT-1_Br2720_mid,6,2,2,0,1,0,0,0
CACCGATGATGGGTAC-1_Br2720_mid,2,1,0,0,0,0,0,0
CACCGGGCATCACAAG-1_Br2720_mid,4,1,0,0,2,0,0,0
CACCGTATCCCATCCG-1_Br2720_mid,4,0,0,1,2,0,0,0
CACCTTGGCGCCTTTG-1_Br2720_mid,2,0,0,0,1,0,0,0
CACGCGGAACTGTTGC-1_Br2720_mid,5,0,0,0,4,1,0,0
CACGTCAATCAATGGA-1_Br2720_mid,1,1,0,0,0,0,0,0
CACGTTCGTGCTCTAG-1_Br2720_mid,7,0,3,1,0,0,0,0
CACGTTTCGTACACAC-1_Br2720_mid,3,0,0,0,1,0,0,0
CACTACGGGAGCTGCC-1_Br2720_mid,2,0,0,0,1,0,0,0
CACTCAAGAGCTATGG-1_Br2720_mid,2,0,0,0,0,0,0,0
CACTCGAGCTGAACAA-1_Br2720_mid,8,2,3,0,5,0,0,0
CACTCTCAAGCATCGA-1_Br2720_mid,5,0,1,0,2,1,0,0
CACTCTTCTGCTAGCC-1_Br2720_mid,7,3,1,1,3,0,0,0
CACTGACGATTGTGGA-1_Br2720_mid,4,0,7,0,0,0,0,0
CAGAACTTAGCCCTCT-1_Br2720_mid,9,2,0,0,4,0,0,0
CAGAATAACACACGGA-1_Br2720_mid,2,0,0,0,1,0,0,0
CAGAATATTCGTTATC-1_Br2720_mid,2,1,0,0,0,1,0,0
CAGACACCGATCGCTG-1_Br2720_mid,4,0,2,0,1,0,0,0
CAGACGAACCTGATAC-1_Br2720_mid,2,1,1,0,0,0,0,0
CAGAGACGGTCACCCA-1_Br2720_mid,8,1,4,0,0,0,0,1
CAGAGCGATGGATGCT-1_Br2720_mid,2,0,0,0,1,0,0,0
CAGAGGCGATGCATGA-1_Br2720_mid,2,0,0,0,1,0,0,0
CAGATAATGGGCGGGT-1_Br2720_mid,5,1,0,0,2,0,0,0
CAGCAGTCCAGACTAT-1_Br2720_mid,4,1,0,0,2,0,0,0
CAGCAGTCTGTGCTGC-1_Br2720_mid,5,1,4,1,0,0,0,0
CAGCCTCGATAGCGGT-1_Br2720_mid,7,0,1,0,6,0,0,1
CAGCGATTCCCTTCAA-1_Br2720_mid,3,2,0,0,1,0,0,0
CAGCTCACTGAGACAT-1_Br2720_mid,3,1,1,0,4,0,0,0
CAGCTCTGGGCTCACT-1_Br2720_mid,3,0,0,0,0,0,0,0
CAGGATATATCGTTGT-1_Br2720_mid,4,0,2,0,0,0,0,0
CAGGCAGTCTTACCAG-1_Br2720_mid,6,1,1,0,2,2,0,0
CAGGCGCCATGCTAGG-1_Br2720_mid,6,1,7,0,2,0,0,0
CAGTCTGTATACTGGG-1_Br2720_mid,10,5,2,0,5,0,0,0
CAGTGTCGGCTGGCCC-1_Br2720_mid,7,2,1,0,3,0,4,0
CAGTTCGAGGACCCGA-1_Br2720_mid,1,1,0,0,0,0,0,1
CATAACGGACAGTCGT-1_Br2720_mid,3,1,0,0,1,0,0,0
CATAAGAAGCTTGGCT-1_Br2720_mid,7,0,4,0,1,0,0,0
CATACACGGTTCCCAC-1_Br2720_mid,3,0,0,0,0,0,0,0
CATACGGCGTCTGGGC-1_Br2720_mid,3,2,0,0,0,0,1,0
CATACTTCTTTCTCCG-1_Br2720_mid,1,0,0,0,1,0,0,0
CATAGAGGAGATACTA-1_Br2720_mid,2,2,0,0,0,0,0,0
CATAGCGTTGCCCACC-1_Br2720_mid,7,1,1,0,7,1,1,0
CATAGTCAAATACATA-1_Br2720_mid,2,1,0,0,0,0,2,0
CATAGTGGGCACGCCT-1_Br2720_mid,2,1,0,0,0,0,0,0
CATATAGGTACAGTCA-1_Br2720_mid,2,3,0,0,1,0,0,0
CATCATTACCCTGAGG-1_Br2720_mid,4,3,0,0,1,0,0,0
CATCCCGAGATTCATA-1_Br2720_mid,4,1,0,1,2,0,0,0
CATCCTCTCAAAGATC-1_Br2720_mid,1,0,0,0,0,0,0,0
CATCGGACGGGTTAAT-1_Br2720_mid,0,0,0,0,0,0,0,0
CATCTAGTGAAGGGAA-1_Br2720_mid,3,1,0,0,1,0,1,0
CATCTTACACCACCTC-1_Br2720_mid,5,2,2,0,2,0,1,1
CATGACTTCGCTGAAT-1_Br2720_mid,5,1,0,0,4,0,0,1
CATGAGATGCACTCTC-1_Br2720_mid,1,1,0,0,0,1,0,0
CATGAGTCCATCACGG-1_Br2720_mid,2,0,0,0,1,0,0,2
CATGATACGGTGAAAC-1_Br2720_mid,6,2,1,2,1,1,0,0
CATGATCGCTTTGAGA-1_Br2720_mid,4,1,1,0,4,0,0,0
CATGATGGAAGTTAGC-1_Br2720_mid,3,0,0,0,2,0,0,0
CATGCGTTGAGAGGAG-1_Br2720_mid,2,0,1,0,0,0,0,0
CATGGATTGTCTTCCG-1_Br2720_mid,4,0,0,0,1,0,0,0
CATGGGTATGCCTTAT-1_Br2720_mid,2,1,0,0,1,0,0,0
CATGGTAAGTAGCGTT-1_Br2720_mid,5,1,2,1,1,0,1,2
CATGGTTTATTAATCA-1_Br2720_mid,6,1,0,0,1,1,0,0
CATGTAAGAGACATTT-1_Br2720_mid,2,0,0,0,1,0,0,0
CATGTCTCATTTATGG-1_Br2720_mid,10,2,1,0,5,0,0,0
CATGTGGGCTCATCAC-1_Br2720_mid,6,1,1,0,4,0,0,0
CATTACGCAGGAAGGG-1_Br2720_mid,4,0,0,0,3,0,0,0
CATTCGTCGTAGCGGT-1_Br2720_mid,5,3,1,0,2,0,0,0
CATTTGAGTGGTACGT-1_Br2720_mid,2,0,0,0,2,1,0,0
CCAAATAACAAGATTC-1_Br2720_mid,3,1,1,0,1,0,0,0
CCAACCTTATGTAACT-1_Br2720_mid,7,2,1,0,3,0,0,0
CCAACTTGATAGATCC-1_Br2720_mid,7,0,0,0,4,1,0,0
CCAAGAAAGTGGGCGA-1_Br2720_mid,5,0,0,0,3,2,0,0
CCAAGCGTAACTCGTA-1_Br2720_mid,8,1,1,3,2,0,1,2
CCAAGGTTGCCCTTTC-1_Br2720_mid,5,2,0,0,0,1,1,0
CCACAGTACCCATCCT-1_Br2720_mid,4,2,1,0,1,0,0,1
CCACATACTGCACCCA-1_Br2720_mid,4,1,0,0,3,0,0,0
CCACCCAAGGAAAGTG-1_Br2720_mid,10,1,2,0,6,0,0,1
CCACCTGTATGGAATA-1_Br2720_mid,5,0,0,0,4,0,0,1
CCACGAATTTAACCTC-1_Br2720_mid,4,0,0,0,2,1,0,0
CCACTCAGATCCGCAA-1_Br2720_mid,1,0,0,0,0,1,0,0
CCACTGTTTGGATTAA-1_Br2720_mid,4,0,0,0,2,0,0,0
CCACTTTCCTTCTAGG-1_Br2720_mid,9,2,0,1,4,1,0,1
CCAGAAACTGATGCGA-1_Br2720_mid,4,0,0,0,0,0,0,0
CCAGCCTGGACCAATA-1_Br2720_mid,8,2,2,0,0,1,0,0
CCAGCTCGAACGCATT-1_Br2720_mid,10,1,6,0,3,0,0,1
CCAGGCTGGCGTCTGA-1_Br2720_mid,8,0,0,0,7,1,2,0
CCAGTCTTGTCATAGA-1_Br2720_mid,7,2,0,2,4,2,0,0
CCAGTTCGGTAACTCA-1_Br2720_mid,2,0,0,0,1,0,0,0
CCATATGGAAACTATA-1_Br2720_mid,4,0,1,1,3,0,0,0
CCATCGCAGTTAAACT-1_Br2720_mid,7,1,2,0,3,0,0,0
CCATCTCACCAGTGAA-1_Br2720_mid,3,2,0,0,0,0,0,0
CCATGCCCTAGATTTC-1_Br2720_mid,10,2,0,0,4,0,0,0
CCATGGCAAACGCTCA-1_Br2720_mid,4,0,0,0,4,1,0,0
CCATTTCTACCTATTA-1_Br2720_mid,7,1,0,0,4,0,0,0
CCCAAACATGCTGCTC-1_Br2720_mid,3,0,0,0,0,0,0,0
CCCAAGTCATTACACT-1_Br2720_mid,5,0,0,0,2,1,0,0
CCCAATGAGATTTGCA-1_Br2720_mid,4,0,0,0,4,0,1,0
CCCAGATTCCCGTGAC-1_Br2720_mid,7,1,5,0,1,0,0,0
CCCAGGAAGAATTCGA-1_Br2720_mid,6,4,2,0,1,0,0,0
CCCAGGTCTGAAGGCT-1_Br2720_mid,1,0,0,1,2,0,0,0
CCCAGTTAAGGCGCCG-1_Br2720_mid,5,1,1,0,2,1,0,0
CCCATATAGGTCGATT-1_Br2720_mid,1,0,0,0,0,0,0,0
CCCATTATTGTATCCT-1_Br2720_mid,8,5,0,1,1,0,0,0
CCCGAGTTTCTCCGTA-1_Br2720_mid,8,3,0,0,4,0,2,0
CCCGCAAATAATCATC-1_Br2720_mid,4,0,1,0,1,0,1,0
CCCGCAGCGCGAACTA-1_Br2720_mid,7,0,4,0,0,0,0,0
CCCGGCACGTGTCAGG-1_Br2720_mid,7,3,0,0,4,0,0,2
CCCGGGTCGTTCAGGG-1_Br2720_mid,7,1,3,0,5,0,3,2
CCCGTAGCTGGGAAGA-1_Br2720_mid,0,1,0,0,0,0,0,0
CCCGTGACAGTGCCTT-1_Br2720_mid,2,1,0,1,0,0,0,0
CCCGTTTCGCAGATGT-1_Br2720_mid,4,0,0,0,3,0,0,0
CCCTACCCACACCCAG-1_Br2720_mid,3,0,0,0,1,1,0,0
CCCTACTTGAACAATG-1_Br2720_mid,3,1,1,0,0,0,0,0
CCCTAGCTCTAAGGTC-1_Br2720_mid,5,0,0,0,2,0,1,0
CCCTCCTCGCTCGTAT-1_Br2720_mid,2,1,0,0,1,0,0,0
CCCTGGGAGGGATCCT-1_Br2720_mid,6,1,1,1,4,0,0,0
CCCTTTAATGGAGTTC-1_Br2720_mid,8,4,0,0,8,0,2,0
CCCTTTGACAGGTCTT-1_Br2720_mid,8,0,0,0,4,0,0,0
CCGAACCTTCCCGGCC-1_Br2720_mid,8,2,2,2,2,0,0,0
CCGACAATAGGCCGCC-1_Br2720_mid,5,0,1,0,3,0,1,0
CCGAGAAGTCGCATAA-1_Br2720_mid,3,2,0,0,0,0,0,0
CCGATATGACGTAAGG-1_Br2720_mid,4,1,0,0,3,0,0,0
CCGATCTCAACCTTAT-1_Br2720_mid,10,2,0,4,5,3,1,0
CCGCACAAAGACCAAC-1_Br2720_mid,5,2,1,0,1,0,0,0
CCGCACACGAACGTGT-1_Br2720_mid,2,1,0,0,1,0,0,0
CCGCACTTGCAATGAC-1_Br2720_mid,5,1,0,0,3,0,0,0
CCGCATGTGGTACGAT-1_Br2720_mid,7,2,2,0,2,0,0,0
CCGCCGTTGAGGATAA-1_Br2720_mid,6,3,0,0,0,0,2,0
CCGCGGAATGCGTCAC-1_Br2720_mid,5,0,1,0,3,0,0,0
CCGCTATCAGCACCAG-1_Br2720_mid,4,0,0,0,3,0,1,0
CCGCTCCAGGGCGATC-1_Br2720_mid,8,1,2,0,1,1,0,0
CCGCTCTTCCGAACTA-1_Br2720_mid,5,0,0,0,2,0,0,0
CCGGAAGTGCAATATG-1_Br2720_mid,4,1,0,0,1,0,1,0
CCGGAAGTTATCAGTC-1_Br2720_mid,5,1,0,0,3,1,1,0
CCGGAGCGTACTTTCT-1_Br2720_mid,4,1,3,0,2,0,0,0
CCGGGCTGCTCCATAC-1_Br2720_mid,6,0,3,2,2,1,0,0
CCGGTATCTGGCGACT-1_Br2720_mid,4,2,0,1,3,0,0,0
CCGGTTTGTAATTGTG-1_Br2720_mid,5,3,1,0,0,0,0,0
CCGTAGGAAATCCCTG-1_Br2720_mid,5,2,0,0,8,0,1,0
CCGTAGGGTTGTTTAC-1_Br2720_mid,3,1,0,0,0,0,0,0
CCGTTTCCTTTCCGTG-1_Br2720_mid,3,1,1,0,0,0,0,0
CCTAAATTAACGGTTC-1_Br2720_mid,7,2,1,2,2,0,0,0
CCTAAATTGTATCCTA-1_Br2720_mid,5,2,1,0,1,1,0,0
CCTAACCCAAACAAGT-1_Br2720_mid,5,2,1,0,3,0,1,0
CCTACAGTTGAGGGAG-1_Br2720_mid,7,0,0,0,8,0,0,0
CCTACTCAACACGATT-1_Br2720_mid,4,2,0,0,1,0,1,0
CCTAGGCGTAGCGATC-1_Br2720_mid,3,0,1,0,0,0,0,0
CCTATAATGAGTGCCC-1_Br2720_mid,4,0,1,0,1,0,0,0
CCTATACCGTCCTGTC-1_Br2720_mid,4,1,0,0,1,1,0,1
CCTATATTTGTCCTGG-1_Br2720_mid,5,2,1,1,1,0,0,0
CCTATGGTCAAAGCTG-1_Br2720_mid,3,1,2,0,1,1,0,0
CCTATGTCCACTCCAC-1_Br2720_mid,5,0,1,0,1,1,0,0
CCTCACGTCAGCTAAT-1_Br2720_mid,4,0,1,5,1,0,0,0
CCTCCTGTTGTGTCGT-1_Br2720_mid,3,1,0,1,2,0,0,0
CCTCGCGCTGTGCGAT-1_Br2720_mid,3,1,0,0,0,0,0,0
CCTCGGACCGGGATAG-1_Br2720_mid,6,2,0,1,2,1,0,0
CCTCGGTTTCCTTGCC-1_Br2720_mid,1,0,0,0,0,0,0,0
CCTCTGTACTATTCTA-1_Br2720_mid,5,0,1,0,1,0,0,0
CCTGAACGATATATTC-1_Br2720_mid,7,2,3,0,1,1,0,0
CCTGACCACCGATGGT-1_Br2720_mid,3,1,5,1,1,0,0,0
CCTGAGAATAAATGCA-1_Br2720_mid,1,0,1,0,1,0,0,0
CCTGATTCGCGAAGAA-1_Br2720_mid,5,0,0,0,2,0,0,0
CCTGCTACAACCATAC-1_Br2720_mid,3,0,0,0,1,0,1,0
CCTGGTCGAATGTGGG-1_Br2720_mid,10,1,3,0,3,3,0,1
CCTGTCGCCCGTAAAT-1_Br2720_mid,3,0,1,0,1,0,0,0
CCTGTTCAACCTCGGG-1_Br2720_mid,9,0,2,0,4,0,0,0
CCTGTTTGAAGACACG-1_Br2720_mid,5,2,0,0,2,1,0,0
CCTTAAGTACGCAATT-1_Br2720_mid,8,0,0,0,5,0,1,0
CCTTCAGTTAAAGTGA-1_Br2720_mid,5,1,1,0,1,0,0,2
CCTTCGTATAGAATCC-1_Br2720_mid,9,2,2,0,5,1,0,0
CCTTGACCACTTTATT-1_Br2720_mid,3,0,0,0,1,0,0,0
CCTTGTGAACGTGGTT-1_Br2720_mid,2,0,0,0,2,0,0,0
CCTTTAAGGGAGCACT-1_Br2720_mid,2,1,0,0,1,0,0,0
CGAACAGTATGGGCGT-1_Br2720_mid,2,1,0,0,2,0,0,0
CGAACCCGCATGCGTC-1_Br2720_mid,3,0,0,0,0,0,0,0
CGAAGATCAGTTTCAT-1_Br2720_mid,3,1,1,0,1,0,0,1
CGAATGACGCATAATG-1_Br2720_mid,5,1,1,0,2,0,0,0
CGAATTCCCGGTTCAA-1_Br2720_mid,3,0,0,0,2,0,0,0
CGACAATTTGATCTAA-1_Br2720_mid,2,0,0,0,0,0,0,0
CGACACGCTCCGACAG-1_Br2720_mid,4,0,1,0,2,0,2,0
CGAGACCCTAGAGTGT-1_Br2720_mid,3,0,3,0,0,0,0,0
CGAGACTACTGCTGCT-1_Br2720_mid,6,1,0,0,4,0,0,0
CGAGAGCTTTCACTAC-1_Br2720_mid,5,4,0,1,2,1,0,0
CGAGAGGGTAGCCGCG-1_Br2720_mid,5,2,1,1,3,0,0,0
CGAGGGACTGCGGTCG-1_Br2720_mid,7,0,4,0,3,0,0,0
CGAGGGTATCCAGGTG-1_Br2720_mid,6,2,0,0,2,0,0,0
CGAGTTTATCGGACTG-1_Br2720_mid,3,0,0,0,2,0,1,0
CGATAATACTCAGGTT-1_Br2720_mid,6,3,0,0,3,0,2,0
CGATAGTCGTACTGCA-1_Br2720_mid,7,1,2,0,4,1,0,0
CGATCCACCATTGTTG-1_Br2720_mid,2,2,0,1,0,0,0,0
CGATCCTCGCAACATA-1_Br2720_mid,5,0,1,0,4,1,0,0
CGATCGAGAAGCACCA-1_Br2720_mid,5,1,0,0,3,1,0,0
CGATTAAATATCTCCT-1_Br2720_mid,7,1,1,1,2,0,0,0
CGATTCGCCTGGCTGC-1_Br2720_mid,6,2,2,0,3,0,0,0
CGCACATGTCCACTAC-1_Br2720_mid,6,1,0,0,2,0,0,1
CGCACGTCTGTTTATG-1_Br2720_mid,1,0,0,0,0,0,0,0
CGCACGTGCGCTATCA-1_Br2720_mid,12,1,2,0,7,2,0,0
CGCAGGCGATCCAAAC-1_Br2720_mid,2,1,0,1,2,0,0,0
CGCAGTTCTATCTTTC-1_Br2720_mid,1,1,0,0,0,0,0,0
CGCATGCCGAATGCGT-1_Br2720_mid,6,1,1,0,3,1,0,1
CGCATGGTGCGATGCT-1_Br2720_mid,6,1,2,0,2,0,0,0
CGCCCAGCACGCCTAG-1_Br2720_mid,1,0,1,0,0,0,0,0
CGCCCAGCGTTTCACG-1_Br2720_mid,3,0,0,0,3,0,0,0
CGCCGCCCATGCCTGT-1_Br2720_mid,9,4,1,0,3,2,0,0
CGCCGCGTTCTGAACG-1_Br2720_mid,3,1,1,0,1,1,0,0
CGCCGTTCAGCATAGT-1_Br2720_mid,2,0,1,0,1,0,0,0
CGCCTCCCTCCTCTAT-1_Br2720_mid,7,0,3,0,3,0,0,0
CGCCTTTAGCATGCTC-1_Br2720_mid,5,1,0,0,2,0,0,0
CGCGAAGTGGCATACT-1_Br2720_mid,5,2,0,0,2,1,0,0
CGCGACCGCGACAGAT-1_Br2720_mid,4,0,0,0,1,0,0,0
CGCGCATGTTTGATTG-1_Br2720_mid,3,0,1,0,0,1,0,0
CGCGGCTCAACTTGAA-1_Br2720_mid,0,0,0,0,0,0,1,1
CGCGGGAATTCCTTTC-1_Br2720_mid,4,0,0,0,4,0,1,0
CGCGGTACGGTATACA-1_Br2720_mid,2,0,0,0,1,0,0,0
CGCTAGAGACCGCTGC-1_Br2720_mid,6,6,0,0,1,0,0,0
CGCTATTCTTAGGCTC-1_Br2720_mid,0,0,0,0,0,0,0,0
CGCTGGTGACTACCCT-1_Br2720_mid,2,0,0,0,0,0,0,0
CGCTGTGTGGATGTTG-1_Br2720_mid,4,0,2,0,0,3,0,0
CGCTTAGTATTGATAC-1_Br2720_mid,9,0,2,0,3,1,0,0
CGCTTCGGTCTAAGAC-1_Br2720_mid,3,0,0,0,6,0,0,0
CGCTTGGACGGATAGA-1_Br2720_mid,2,0,1,0,1,0,0,0
CGCTTTCCGCCAAGGT-1_Br2720_mid,3,1,0,0,2,0,0,0
CGGAAAGAATCAAACG-1_Br2720_mid,3,0,1,0,1,0,3,1
CGGAACGTAAACATAG-1_Br2720_mid,1,0,0,0,0,0,1,0
CGGACCTCTGTAGTTA-1_Br2720_mid,6,1,0,0,2,0,0,0
CGGACCTTTACGTCCC-1_Br2720_mid,9,0,5,1,2,2,0,0
CGGAGCAATTTAATCG-1_Br2720_mid,12,2,3,0,4,3,0,0
CGGAGCATGGCGATCC-1_Br2720_mid,5,0,2,0,2,0,0,0
CGGATCCTCAAGGACT-1_Br2720_mid,3,0,2,0,0,0,0,0
CGGCAAACATCGTGCG-1_Br2720_mid,4,2,0,0,2,0,0,0
CGGCAATAAGATCGCC-1_Br2720_mid,5,0,0,0,3,0,0,0
CGGCCACGCACAAAGT-1_Br2720_mid,2,0,0,0,1,1,0,0
CGGCCAGAGCGACCAT-1_Br2720_mid,4,0,1,0,1,0,0,0
CGGCCCAGGTATATCC-1_Br2720_mid,4,3,2,0,2,0,0,0
CGGCGCCATCAATCCC-1_Br2720_mid,3,1,0,1,2,1,0,0
CGGCTCTAAAGCTGCA-1_Br2720_mid,3,0,0,0,0,0,0,0
CGGGAATATAGTATAC-1_Br2720_mid,3,1,0,0,3,1,0,0
CGGGAATTTATGTAAA-1_Br2720_mid,6,0,7,0,1,0,0,0
CGGGAGCTTCAGTGTA-1_Br2720_mid,2,2,0,0,0,0,0,0
CGGGCCTTCTTTGTAA-1_Br2720_mid,5,0,0,0,3,0,1,0
CGGGCGATGGATCACG-1_Br2720_mid,2,0,0,0,1,1,0,0
CGGGTTTGTTAGGGCT-1_Br2720_mid,8,1,1,0,5,1,0,0
CGGTACTAGAATCAAA-1_Br2720_mid,7,1,2,0,3,0,2,0
CGGTATGGGCACTCTG-1_Br2720_mid,2,0,0,0,1,0,0,0
CGGTCAGTCCATATTT-1_Br2720_mid,2,0,0,0,0,0,0,0
CGGTCCGTCGCAAGCC-1_Br2720_mid,11,3,1,0,3,1,0,0
CGGTTGGGCAGGGTCC-1_Br2720_mid,3,0,0,0,1,0,0,0
CGTAAATAACAAAGGG-1_Br2720_mid,5,1,0,0,3,0,0,0
CGTAACTTCGACACTT-1_Br2720_mid,3,0,1,0,1,0,0,0
CGTAATATGGCCCTTG-1_Br2720_mid,2,0,0,0,1,0,0,0
CGTAGAGAGTAATTAT-1_Br2720_mid,4,0,0,0,2,0,1,0
CGTATCTAGAACTAAG-1_Br2720_mid,2,1,0,0,0,0,0,0
CGTCACGTCCATTGGT-1_Br2720_mid,3,0,2,0,1,0,0,0
CGTCCTCATCGCGTGC-1_Br2720_mid,2,0,0,0,0,1,0,0
CGTCGCATGTGAGCCA-1_Br2720_mid,1,0,0,0,0,0,0,2
CGTCGTCCTTCGCGAA-1_Br2720_mid,8,3,1,0,4,0,0,0
CGTGAAGTTAATTCAC-1_Br2720_mid,6,1,2,1,5,0,0,2
CGTGACCAGTCCTCTG-1_Br2720_mid,5,0,2,0,1,1,0,0
CGTGCACACCACTGTA-1_Br2720_mid,2,0,0,0,0,0,0,0
CGTGCAGACTGGGACA-1_Br2720_mid,3,0,0,0,2,0,0,0
CGTGGAAGCCTCGTAC-1_Br2720_mid,6,2,0,0,4,1,0,0
CGTGGCCGAATATCTA-1_Br2720_mid,8,1,3,0,2,0,1,0
CGTGGTACCCAAAGGC-1_Br2720_mid,2,1,1,0,1,0,0,0
CGTGTATGGGAGCTGA-1_Br2720_mid,8,3,0,1,1,0,0,0
CGTTAAACTAGTTAGG-1_Br2720_mid,3,0,0,0,2,0,0,0
CGTTAAATACGACCAG-1_Br2720_mid,5,1,0,0,1,1,0,0
CGTTAATGTCCCGACG-1_Br2720_mid,2,0,1,0,1,1,1,0
CGTTCAAGGAAACGGA-1_Br2720_mid,3,0,1,0,2,0,0,0
CGTTCAGACCCGCGAA-1_Br2720_mid,9,1,5,0,3,0,0,0
CGTTGAATACCGCGCT-1_Br2720_mid,5,1,1,0,1,2,1,0
CGTTGAGCGACCGTCG-1_Br2720_mid,12,1,3,0,7,0,0,1
CGTTGCCCGCGTGGGA-1_Br2720_mid,2,0,0,0,1,0,0,0
CGTTGTCGGCAATTGA-1_Br2720_mid,4,0,1,2,1,2,0,1
CGTTTCGGTTATATGC-1_Br2720_mid,2,0,0,0,2,0,0,0
CGTTTGGTGTTGTGGG-1_Br2720_mid,3,0,0,0,3,0,0,0
CGTTTGTGTAGAGGGT-1_Br2720_mid,3,0,0,0,3,0,0,0
CTAAAGGATGAGATAC-1_Br2720_mid,6,1,2,0,1,0,0,0
CTAAAGGGAAATAGGA-1_Br2720_mid,7,2,5,0,1,0,0,0
CTAAATCCGGTGTACA-1_Br2720_mid,1,0,0,0,2,1,1,0
CTAACTGATAATCGCC-1_Br2720_mid,4,0,0,0,1,0,0,0
CTAAGGGAATGATTGG-1_Br2720_mid,12,0,5,0,7,1,0,2
CTACAAGAAATAACCC-1_Br2720_mid,3,1,1,0,2,1,0,0
CTACACTCGCAGATGG-1_Br2720_mid,5,0,3,0,3,0,0,0
CTACTCAAGGTATAGT-1_Br2720_mid,3,0,0,0,2,0,0,0
CTAGATTTACGACGGC-1_Br2720_mid,7,0,3,0,3,0,0,0
CTAGCATAGTATAATG-1_Br2720_mid,5,0,2,0,0,0,0,0
CTAGCCACAGGCGAGC-1_Br2720_mid,4,1,0,0,2,1,0,0
CTAGCCCGGGAGACGA-1_Br2720_mid,2,0,1,0,0,1,0,0
CTAGCTTAATGGTCCC-1_Br2720_mid,7,1,0,0,3,2,0,0
CTAGGCGCCCTATCAG-1_Br2720_mid,5,2,0,0,4,0,0,0
CTAGGGATAGGGACAA-1_Br2720_mid,4,1,1,0,2,0,0,0
CTAGGTTCGGACGTGA-1_Br2720_mid,4,0,0,0,3,0,0,0
CTAGTAGAAAGGGATT-1_Br2720_mid,1,0,0,1,0,0,0,0
CTAGTCACGTCTTAAG-1_Br2720_mid,3,0,0,0,4,0,0,0
CTAGTTACAACCCGGT-1_Br2720_mid,8,0,3,0,2,0,0,0
CTATAGGCGTTGATGT-1_Br2720_mid,4,0,0,0,2,0,0,0
CTATCACAACGCTGGA-1_Br2720_mid,3,2,0,0,1,0,0,0
CTATCGACGAAATACA-1_Br2720_mid,3,1,0,0,1,0,0,0
CTATCGCGTAGAGAAC-1_Br2720_mid,7,9,0,0,4,0,0,0
CTATCGGGTCTCAACA-1_Br2720_mid,9,2,2,0,2,0,0,0
CTATGCCCGAATGCAA-1_Br2720_mid,4,0,1,0,1,0,0,0
CTATGGGAAGCGGAAT-1_Br2720_mid,9,4,1,0,3,1,0,0
CTATTCATGTGTCCCA-1_Br2720_mid,8,0,0,0,4,1,0,0
CTATTTGCTTGGAGGA-1_Br2720_mid,7,4,0,0,3,0,0,0
CTATTTGGTTACGGAT-1_Br2720_mid,3,1,2,0,0,0,0,0
CTCAAACCACTGCCCG-1_Br2720_mid,7,4,2,0,3,1,0,0
CTCAACTAACCCGGAT-1_Br2720_mid,4,1,2,0,2,2,0,0
CTCACATTTACTAAAT-1_Br2720_mid,3,0,0,0,1,0,0,0
CTCACTGTGATACTTA-1_Br2720_mid,6,2,2,2,6,0,0,0
CTCAGAGCTAATGTCG-1_Br2720_mid,7,2,2,0,2,0,1,0
CTCATAAATGTGTATA-1_Br2720_mid,3,2,0,0,0,0,0,0
CTCATTGCTCTAACAA-1_Br2720_mid,5,2,1,0,1,0,0,0
CTCCCAATGAGTCGCG-1_Br2720_mid,6,2,0,0,3,0,0,0
CTCCTCCAGCTCACAC-1_Br2720_mid,6,0,5,0,0,1,0,0
CTCCTGTTCAAGGCAG-1_Br2720_mid,5,0,0,0,3,1,0,0
CTCGAGGCAAGTTTCA-1_Br2720_mid,5,0,0,0,3,0,0,0
CTCGCCGAATGTAGGG-1_Br2720_mid,8,0,1,0,5,0,0,2
CTCGCTAGGTAAGCGA-1_Br2720_mid,6,3,0,1,3,0,0,0
CTCGGTACCACTGCTC-1_Br2720_mid,5,0,0,0,3,0,0,0
CTCGTCTGTGCCTTCG-1_Br2720_mid,2,1,0,0,1,0,0,0
CTCGTGGCACTGAAAG-1_Br2720_mid,6,0,3,0,0,0,0,0
CTCGTTACGGCTACCA-1_Br2720_mid,4,0,0,0,3,0,0,0
CTCTAACACCGGCAGC-1_Br2720_mid,7,3,0,0,3,0,0,0
CTCTACATCCTGCGTG-1_Br2720_mid,5,1,2,0,1,0,0,0
CTCTAGCCCTCGGAAA-1_Br2720_mid,2,0,1,0,1,1,0,0
CTCTATTTGGCTGCAG-1_Br2720_mid,7,0,5,0,5,0,0,0
CTCTGGACGCCTGGTG-1_Br2720_mid,22,3,1,0,18,0,0,2
CTCTGTCCATGCACCA-1_Br2720_mid,4,0,0,0,2,0,1,0
CTCTTCTATTGACTGG-1_Br2720_mid,6,2,0,0,3,0,0,0
CTCTTCTGGAAGTTAG-1_Br2720_mid,2,1,0,0,1,1,0,0
CTCTTGTCCCGCTTGG-1_Br2720_mid,5,1,3,0,2,0,0,0
CTGAATCCGAGACCTC-1_Br2720_mid,9,2,0,0,3,0,0,0
CTGACATAGAAATAGA-1_Br2720_mid,6,2,0,2,4,0,0,0
CTGAGAAAGTTCGGCG-1_Br2720_mid,6,0,0,0,5,0,1,0
CTGAGAGTAGAAATAC-1_Br2720_mid,5,0,0,0,5,0,0,0
CTGCAAGCACGTTCCG-1_Br2720_mid,3,0,0,0,0,0,0,0
CTGCACAACTACATAT-1_Br2720_mid,6,0,3,0,2,0,0,0
CTGCACTCCAGTACAG-1_Br2720_mid,2,0,0,0,0,0,0,0
CTGCAGAGAATCAGAG-1_Br2720_mid,8,4,0,1,4,0,0,1
CTGCAGGGTGACGCTC-1_Br2720_mid,1,0,0,0,0,0,0,0
CTGCCATGCATCACAT-1_Br2720_mid,7,1,3,1,2,0,0,0
CTGCCTTTCTAGTAAA-1_Br2720_mid,1,0,0,0,1,0,0,0
CTGCGACCTCGCCGAA-1_Br2720_mid,10,2,2,1,3,0,0,0
CTGCGATTTCGAGATT-1_Br2720_mid,2,1,0,0,1,0,0,0
CTGCTCTCAACACACC-1_Br2720_mid,4,1,0,0,2,0,0,3
CTGCTCTGACGGCAAA-1_Br2720_mid,4,0,3,0,0,0,0,0
CTGCTGTCTAACGAGC-1_Br2720_mid,3,1,0,1,2,0,0,0
CTGCTTGGCGATAGCT-1_Br2720_mid,5,0,5,0,1,0,1,0
CTGGAAGACACGGTGG-1_Br2720_mid,3,1,0,0,0,1,1,1
CTGGATTTACACTTGA-1_Br2720_mid,2,0,0,0,0,0,0,0
CTGGCGATTTACATGT-1_Br2720_mid,5,0,0,0,3,0,0,0
CTGGCGCACAGGTCTG-1_Br2720_mid,2,1,1,0,1,0,0,0
CTGGCTGATTCATCCT-1_Br2720_mid,2,0,0,0,0,0,0,0
CTGGCTGGTTGTCAGT-1_Br2720_mid,8,1,2,0,4,0,0,0
CTGGGATAAATAATGG-1_Br2720_mid,8,1,2,2,3,1,0,0
CTGGGCTACTGGAGAG-1_Br2720_mid,2,0,0,0,0,0,0,0
CTGGGTAGGCAGTTAA-1_Br2720_mid,6,0,2,0,2,0,0,0
CTGGTAAAGACTTACA-1_Br2720_mid,2,0,0,0,1,0,0,0
CTGGTAAAGTGTGGGC-1_Br2720_mid,7,1,0,0,3,0,0,0
CTGGTAACACATAGAA-1_Br2720_mid,4,1,2,0,1,3,0,1
CTGGTTTCGAGCAAGA-1_Br2720_mid,3,1,1,0,1,0,0,0
CTGTAGCCATCTCACT-1_Br2720_mid,6,1,2,0,1,0,0,1
CTGTAGTGAGGATCGA-1_Br2720_mid,2,0,0,0,1,0,0,0
CTGTGCAGGGTAGGTC-1_Br2720_mid,6,1,3,0,0,0,0,0
CTGTGGTCGGGAGATA-1_Br2720_mid,4,2,0,0,4,0,0,0
CTGTTACCCAATCTAG-1_Br2720_mid,4,0,1,0,1,0,1,0
CTTAACTTACAGTATA-1_Br2720_mid,3,0,0,0,1,0,0,0
CTTAATCGACTTAGTA-1_Br2720_mid,5,0,2,0,1,0,0,0
CTTACATAGATTTCTT-1_Br2720_mid,4,1,0,0,2,0,1,0
CTTACTGACTCCTCTG-1_Br2720_mid,0,0,0,0,0,0,0,0
CTTAGATGTTTCATCC-1_Br2720_mid,3,0,0,0,0,0,0,0
CTTAGTGTAGTAGCAT-1_Br2720_mid,3,0,0,0,0,0,0,0
CTTATAGATGGCTGTT-1_Br2720_mid,7,2,0,1,3,1,1,0
CTTCAACTCCACTTGG-1_Br2720_mid,6,2,0,1,1,2,0,0
CTTCAGTTGGACAACG-1_Br2720_mid,4,0,0,0,2,1,0,0
CTTCATCACCAGGGCT-1_Br2720_mid,5,0,0,0,3,2,0,0
CTTCATTGTCAGTGGA-1_Br2720_mid,3,0,1,0,1,0,0,2
CTTCCGCTCCGTGAAG-1_Br2720_mid,6,0,2,0,2,1,0,0
CTTCGATTGCGCAAGC-1_Br2720_mid,2,1,0,0,1,0,0,0
CTTCGGCCAATTGTTT-1_Br2720_mid,5,0,0,1,1,0,0,0
CTTCTATTAATGCTAG-1_Br2720_mid,3,2,1,0,2,1,0,0
CTTCTGGGCGTACCTA-1_Br2720_mid,1,0,0,1,0,1,0,0
CTTGAGTTAGGGTAAT-1_Br2720_mid,1,1,0,0,0,0,0,0
CTTGATGACCATCCAG-1_Br2720_mid,2,1,0,0,1,0,0,0
CTTGCCCACCCACGCA-1_Br2720_mid,9,0,1,1,7,0,0,0
CTTGCCCAGGCTCTAC-1_Br2720_mid,2,0,0,0,1,0,0,0
CTTGGCCAAGCTGGGA-1_Br2720_mid,5,0,4,0,1,0,0,0
CTTGTCAACATTCGAG-1_Br2720_mid,9,1,2,0,3,0,0,0
CTTGTTGCTGAGTCAA-1_Br2720_mid,5,0,1,0,1,1,0,0
CTTTAATATTGGTCGA-1_Br2720_mid,4,0,0,2,2,0,0,0
CTTTACCGAATAGTAG-1_Br2720_mid,3,1,0,0,0,0,0,0
CTTTAGGAACACTGTT-1_Br2720_mid,6,1,0,0,4,0,0,0
CTTTAGTGCTATTATT-1_Br2720_mid,8,0,4,0,3,0,0,0
CTTTATCCGACGCATG-1_Br2720_mid,4,0,0,0,2,0,0,0
CTTTGCATCGCTCTTG-1_Br2720_mid,6,0,1,1,3,0,0,0
CTTTGCTGTCATGGAT-1_Br2720_mid,9,4,0,0,4,2,0,1
CTTTGGGATTGTTGCA-1_Br2720_mid,6,0,0,0,4,0,0,0
GAAACAGATGACCACC-1_Br2720_mid,2,1,0,0,2,0,0,0
GAAACCGAATTACCTT-1_Br2720_mid,4,3,0,0,2,0,0,2
GAAACCTATACAAATG-1_Br2720_mid,8,1,4,1,3,0,0,0
GAAAGAACAGCGTTAT-1_Br2720_mid,0,0,0,0,0,0,0,0
GAAAGCAGTGCACTTT-1_Br2720_mid,11,1,2,0,4,0,0,0
GAAATTGTCTCTATAA-1_Br2720_mid,2,0,1,0,0,1,0,0
GAACAACTGGGATGAA-1_Br2720_mid,1,0,1,0,0,0,1,0
GAACAGATTACTAAAT-1_Br2720_mid,9,2,5,0,2,0,0,0
GAACCCTCTGTGTTCT-1_Br2720_mid,15,1,2,1,9,0,2,0
GAACCTTTAACGATCC-1_Br2720_mid,3,0,1,0,0,2,0,0
GAACGCGGGTCACACG-1_Br2720_mid,5,2,0,1,2,1,0,0
GAACGTTTGTATCCAC-1_Br2720_mid,4,1,0,0,1,0,0,0
GAACTGTGGAGAGACA-1_Br2720_mid,5,1,2,1,2,1,0,0
GAAGCCACTGATTATG-1_Br2720_mid,5,0,1,1,1,0,0,2
GAAGCCTGCACATTCC-1_Br2720_mid,8,1,2,0,2,0,2,1
GAAGCGTGAGGAATTT-1_Br2720_mid,3,0,0,0,1,0,0,0
GAAGGAGTCGAGTGCG-1_Br2720_mid,6,0,2,0,1,0,0,0
GAAGGGTCATTAAGAC-1_Br2720_mid,1,0,0,0,1,0,1,0
GAAGTCAGTTGCACTA-1_Br2720_mid,7,0,2,0,2,0,2,0
GAAGTCTCCCTAGCGA-1_Br2720_mid,3,1,0,0,5,0,0,0
GAATAGACGCGACCCA-1_Br2720_mid,6,1,1,1,3,1,0,0
GAATAGCATTTAGGGT-1_Br2720_mid,5,5,0,0,1,0,0,0
GAATAGTGCTCGATTA-1_Br2720_mid,1,0,1,0,0,0,0,0
GAATCTGAACATTCTC-1_Br2720_mid,8,0,5,0,3,0,0,0
GAATGCGAATCGGTTC-1_Br2720_mid,3,0,2,0,0,0,0,0
GAATGTGGTCCGGATT-1_Br2720_mid,4,0,2,1,1,0,0,0
GAATTATAGTGAAAGG-1_Br2720_mid,6,3,1,0,4,1,1,2
GAATTCACCCGGGTGT-1_Br2720_mid,2,1,0,0,2,1,0,0
GACAAACATATGCAGG-1_Br2720_mid,4,3,1,0,3,1,0,0
GACAAGACGCCCGTGC-1_Br2720_mid,7,1,0,0,3,1,0,0
GACAAGAGATGAGATT-1_Br2720_mid,4,0,0,0,3,0,0,0
GACACAGCCGGGACTG-1_Br2720_mid,3,3,0,1,1,0,0,0
GACACCCAAAGACGCG-1_Br2720_mid,0,0,0,0,0,0,0,0
GACACTGGAACCCGAT-1_Br2720_mid,3,1,0,0,0,0,0,0
GACACTTCCAATTACC-1_Br2720_mid,2,1,0,0,1,0,0,0
GACAGAGGTCTTCAGT-1_Br2720_mid,2,0,0,0,0,0,0,0
GACAGCCAGACCTGAC-1_Br2720_mid,4,0,1,0,1,0,0,0
GACAGGTAATCCGTGT-1_Br2720_mid,3,2,0,0,0,0,0,0
GACATCCGTCGAACTG-1_Br2720_mid,6,1,4,0,1,0,0,0
GACATCGATTTATAAC-1_Br2720_mid,4,3,0,0,1,0,0,0
GACCAAACGTTGACTG-1_Br2720_mid,5,1,0,0,3,0,0,0
GACCACACTTCCCTTT-1_Br2720_mid,1,0,0,0,0,0,0,0
GACCGCGTCTGACGTG-1_Br2720_mid,4,4,0,0,3,0,0,0
GACCGTGCTGACGGTG-1_Br2720_mid,0,0,0,0,0,0,0,0
GACCTTCCACGTCTAC-1_Br2720_mid,6,1,1,0,2,1,0,0
GACGACGATCCGCGTT-1_Br2720_mid,6,1,3,0,1,0,0,0
GACGAGGCTAATAAAC-1_Br2720_mid,5,0,0,2,3,1,0,0
GACGATATCACTGGGT-1_Br2720_mid,2,0,0,0,0,0,0,0
GACGCCGTAAAGGCTA-1_Br2720_mid,3,0,1,0,1,0,0,0
GACGGGCATCGAATTT-1_Br2720_mid,9,2,0,0,7,0,0,0
GACGGGTTGGCCCGTA-1_Br2720_mid,3,1,2,0,1,0,0,0
GACTAGGCCGTTAGGT-1_Br2720_mid,3,0,1,0,0,0,0,0
GACTCACCCACGTGAG-1_Br2720_mid,0,0,0,0,2,0,0,0
GACTCTAGAGTTCCAA-1_Br2720_mid,5,0,1,1,2,0,0,0
GACTGCAAATCGAGCT-1_Br2720_mid,5,1,3,1,0,1,0,0
GACTGCACCAGCCCAG-1_Br2720_mid,6,1,0,0,0,1,0,0
GACTGCTGGTGAGAAA-1_Br2720_mid,3,1,1,1,0,0,0,0
GACTTCAACGCATCAA-1_Br2720_mid,3,2,2,0,1,0,0,0
GACTTTCGAGCGGTTC-1_Br2720_mid,4,0,0,0,0,1,1,0
GAGAAACTGGATCCCA-1_Br2720_mid,6,2,1,0,3,1,0,0
GAGAACGGTTCTGACT-1_Br2720_mid,6,3,1,0,1,0,0,0
GAGACTTCGCGACCGA-1_Br2720_mid,7,1,2,0,4,0,0,0
GAGAGGCCTATGTGTA-1_Br2720_mid,3,1,0,0,1,0,0,0
GAGAGTCTCGGGAGAG-1_Br2720_mid,3,1,0,0,1,0,0,0
GAGATCTTCCATGACA-1_Br2720_mid,6,0,1,0,3,1,0,0
GAGATGGCTTTAATCA-1_Br2720_mid,4,2,0,1,1,0,0,0
GAGATGGGAGTCGACA-1_Br2720_mid,3,0,0,0,1,0,0,0
GAGCACCTGTGTCCAG-1_Br2720_mid,3,0,0,0,0,0,0,0
GAGCCAGCTACCTGTG-1_Br2720_mid,8,0,2,0,5,0,2,1
GAGCGCAAATACTCCG-1_Br2720_mid,4,2,0,0,1,0,2,0
GAGCGCGCACGAGTAG-1_Br2720_mid,8,2,0,0,5,0,0,0
GAGCGGAATGCGGTGT-1_Br2720_mid,8,1,2,0,3,1,0,0
GAGCTCAACATGAGCG-1_Br2720_mid,5,0,2,0,2,0,0,0
GAGGAATATCTCTTTG-1_Br2720_mid,4,0,1,0,4,0,0,0
GAGGCCTGTTGATACA-1_Br2720_mid,6,1,1,0,1,0,0,0
GAGGGAGTCAGATCGC-1_Br2720_mid,6,2,0,0,3,1,0,0
GAGGTACGCGTGTCCC-1_Br2720_mid,6,1,3,0,1,0,0,0
GAGGTCCGTTCGCTGT-1_Br2720_mid,1,0,0,0,1,0,0,0
GAGTAAACCGGAAAGT-1_Br2720_mid,3,1,1,0,2,0,2,0
GAGTAAATTAAGAACC-1_Br2720_mid,6,6,0,0,5,0,0,0
GAGTAGATACTAGTTG-1_Br2720_mid,5,1,2,0,2,1,0,2
GAGTATCAAAGTTACA-1_Br2720_mid,8,3,0,0,3,1,0,0
GAGTATGCGCGTGCAT-1_Br2720_mid,7,1,1,0,4,2,0,0
GAGTCAGACCAGAATC-1_Br2720_mid,7,1,1,0,4,1,0,1
GAGTCCACCAGGTTTA-1_Br2720_mid,8,0,0,0,7,0,0,0
GAGTCCGCTTACCGGA-1_Br2720_mid,2,1,1,0,1,0,0,0
GAGTGTCAACCAGAAA-1_Br2720_mid,4,1,1,0,0,1,1,0
GAGTGTGCGGTACCCA-1_Br2720_mid,7,3,1,0,3,0,0,0
GATAACTCGCACTGTG-1_Br2720_mid,8,0,4,0,3,0,0,0
GATAGAACCCGCTAGG-1_Br2720_mid,6,1,1,1,4,0,0,0
GATAGATAGTACAGTC-1_Br2720_mid,5,1,0,0,4,0,0,0
GATAGGTAACGTTGAC-1_Br2720_mid,8,0,1,0,2,0,0,0
GATAGTGCGAGTAAGT-1_Br2720_mid,4,0,3,0,3,0,0,0
GATCAACATAAAGGGA-1_Br2720_mid,0,0,0,0,0,0,0,0
GATCCGGGAATTAACA-1_Br2720_mid,9,2,1,3,3,0,0,0
GATCGCTACCCGATTT-1_Br2720_mid,5,1,0,0,4,0,0,0
GATCGTGACTGATATC-1_Br2720_mid,5,0,1,0,1,0,0,0
GATCTCGACGCTGTGG-1_Br2720_mid,4,1,0,0,7,0,0,0
GATCTGCTATCTAAGG-1_Br2720_mid,6,1,3,0,1,0,0,0
GATCTTGGAGGGCATA-1_Br2720_mid,6,1,3,0,0,0,0,0
GATGAGGAACCTTCGG-1_Br2720_mid,3,0,0,0,1,0,0,0
GATGCTACCTTCGATG-1_Br2720_mid,5,0,2,0,1,1,0,0
GATTAACCGAAAGCCC-1_Br2720_mid,2,1,0,0,1,0,0,0
GATTAGAAACAAGCGT-1_Br2720_mid,9,2,0,4,5,2,0,0
GATTATCTTGCATTAT-1_Br2720_mid,4,1,0,1,1,0,0,0
GATTCGACGGTTCACG-1_Br2720_mid,9,1,3,1,2,1,0,0
GATTCTGTTAATGAGT-1_Br2720_mid,5,1,3,0,1,1,0,0
GATTGGGAAAGGTTGT-1_Br2720_mid,2,0,0,0,0,0,0,0
GCAAACCCTACATTAT-1_Br2720_mid,1,0,1,0,0,0,0,0
GCAAACCTTGGCCATA-1_Br2720_mid,6,0,1,0,2,0,0,0
GCAAACGTCGCCAGGT-1_Br2720_mid,2,0,0,0,7,0,0,0
GCAACAGCAGTATGCG-1_Br2720_mid,3,0,0,0,4,0,0,0
GCAACGGCTAGTTATG-1_Br2720_mid,4,3,1,0,2,0,0,0
GCAAGTGTAAAGCATG-1_Br2720_mid,5,2,3,0,0,0,0,0
GCACAAACGAGGCGTG-1_Br2720_mid,4,0,0,0,5,0,0,0
GCACACACTGGTAGCC-1_Br2720_mid,8,5,0,0,5,0,0,0
GCACACAGCTATTACC-1_Br2720_mid,6,2,1,1,3,0,1,0
GCACAGCACGGGCCGA-1_Br2720_mid,2,0,1,0,1,0,0,0
GCACCTAGGCGAGTCC-1_Br2720_mid,7,3,1,0,3,0,0,0
GCACCTTCCCGAAGGT-1_Br2720_mid,4,1,7,0,2,0,0,0
GCACGCCGATTCCCGC-1_Br2720_mid,7,1,0,1,3,0,1,0
GCACGCCTACTTAGAT-1_Br2720_mid,1,0,1,0,0,0,0,0
GCACGTGGTTTACTTA-1_Br2720_mid,3,1,0,1,2,0,0,0
GCACTGCCTACCTTTA-1_Br2720_mid,4,0,2,1,2,0,0,0
GCAGAAGGTAATCTCC-1_Br2720_mid,6,1,1,0,4,0,0,0
GCAGACCCAGCACGTA-1_Br2720_mid,8,2,1,1,4,0,0,0
GCAGATCCATAAGACT-1_Br2720_mid,4,0,0,0,1,0,0,0
GCAGATTAGGGATATC-1_Br2720_mid,4,1,2,0,0,0,0,0
GCAGCTGTCAACGCAT-1_Br2720_mid,0,0,0,0,0,0,0,0
GCAGTGCGGGCGGATG-1_Br2720_mid,2,0,0,0,2,1,0,0
GCAGTGTGGCTATAGG-1_Br2720_mid,4,1,0,0,1,3,0,0
GCAGTTCGATCCGAGC-1_Br2720_mid,3,1,0,0,2,0,0,0
GCATAGAGCACTCAGG-1_Br2720_mid,3,0,0,0,2,0,0,0
GCATGACACAAAGGAA-1_Br2720_mid,4,2,0,1,0,0,0,0
GCATGCTAATAACGAT-1_Br2720_mid,2,1,0,0,1,0,0,0
GCCACTCAGAGCGCGA-1_Br2720_mid,4,1,0,0,2,2,0,0
GCCACTCCTTACGGTA-1_Br2720_mid,2,0,0,0,0,0,0,0
GCCAGGAAAGAACACT-1_Br2720_mid,5,0,1,0,0,3,0,0
GCCATCGAGCTGCGTG-1_Br2720_mid,4,1,1,0,2,0,2,0
GCCCGATCTGTGGTCG-1_Br2720_mid,8,2,2,0,4,0,0,0
GCCCGTCAAGCCCAAT-1_Br2720_mid,3,0,0,0,3,0,0,0
GCCCGTTCACACAATT-1_Br2720_mid,3,0,0,0,2,0,0,0
GCCCTAAGTGCAGGAT-1_Br2720_mid,1,0,0,0,0,0,0,0
GCCCTGAGGATGGGCT-1_Br2720_mid,6,0,1,0,3,1,0,1
GCCGATTGGCCAAGCT-1_Br2720_mid,7,0,6,0,0,0,0,0
GCCGGGTTAGGGTCGC-1_Br2720_mid,4,2,0,0,2,0,1,0
GCCGGTCGTATCTCTC-1_Br2720_mid,5,1,1,0,2,0,0,0
GCCGTCGGTTTCGGGC-1_Br2720_mid,4,0,1,0,2,0,0,0
GCCTACGTTCTGTGCA-1_Br2720_mid,2,0,0,0,0,0,0,0
GCCTATCAGGTAAGAT-1_Br2720_mid,5,1,1,0,1,0,0,0
GCCTCATCTGGAAATA-1_Br2720_mid,5,0,0,0,2,0,2,0
GCCTCCGACAATTCAC-1_Br2720_mid,3,2,0,1,0,0,0,0
GCCTCTATACATAGCA-1_Br2720_mid,5,0,2,1,1,0,0,0
GCCTGTCCCGGTGCAT-1_Br2720_mid,5,1,1,0,1,0,0,0
GCGAAACGATCGGGAG-1_Br2720_mid,1,0,0,0,0,0,0,0
GCGAAACTTAACTGGA-1_Br2720_mid,7,2,2,1,4,0,0,0
GCGAAGAATCTGACGG-1_Br2720_mid,4,0,2,0,1,0,0,0
GCGAATGGACTAGCGA-1_Br2720_mid,3,0,0,0,1,0,1,0
GCGACGATAGTTGTAC-1_Br2720_mid,2,1,0,1,1,0,0,0
GCGACGGTAGTCTCCT-1_Br2720_mid,4,0,1,0,1,0,0,0
GCGAGTTCTGCAAAGA-1_Br2720_mid,3,0,1,0,0,2,1,0
GCGATTGTTAACGTTA-1_Br2720_mid,6,0,1,0,4,0,0,0
GCGCAAGAGCGCGCTG-1_Br2720_mid,8,2,1,0,3,0,0,0
GCGCCGTTCCACGATA-1_Br2720_mid,6,1,2,2,4,0,0,0
GCGCCTCCCACTCCGA-1_Br2720_mid,5,1,0,0,2,0,1,0
GCGCGGTCTAGTAACT-1_Br2720_mid,10,1,3,1,3,1,0,0
GCGCGTCATTGGTACA-1_Br2720_mid,0,0,0,0,0,0,0,0
GCGCTAATTGAATAGA-1_Br2720_mid,7,3,4,2,0,0,0,0
GCGCTCGATCACCTGT-1_Br2720_mid,0,0,0,0,0,0,0,0
GCGCTTAAATAATTGG-1_Br2720_mid,2,1,0,0,1,0,0,0
GCGGACCGCGTTGTGG-1_Br2720_mid,4,2,0,0,2,0,0,0
GCGGAGAGGGAGAACG-1_Br2720_mid,11,2,1,0,6,1,0,0
GCGGATTACTTGTTCT-1_Br2720_mid,7,0,0,0,2,1,0,0
GCGGCTTTAGCAAGTT-1_Br2720_mid,3,0,0,0,1,0,0,0
GCGGGCAGACGGGTGA-1_Br2720_mid,6,1,1,2,3,0,0,0
GCGGGCGAGCCTTACC-1_Br2720_mid,4,2,1,0,3,0,0,0
GCGGTCTTGCTTTCAC-1_Br2720_mid,1,0,0,0,0,0,0,0
GCGGTTCCCTATCATG-1_Br2720_mid,1,0,0,0,0,0,0,0
GCGTCCCTAAGACATA-1_Br2720_mid,5,0,1,0,2,0,0,0
GCGTCGCCAGGGTGAT-1_Br2720_mid,8,2,2,0,1,1,1,0
GCGTCGTAACATGGTC-1_Br2720_mid,4,3,0,0,0,0,0,0
GCGTGGTACTGGGTTA-1_Br2720_mid,3,0,0,1,1,0,0,0
GCGTTCTGACTAAGCG-1_Br2720_mid,1,0,0,0,0,0,0,0
GCTAACTGAAGTCTGA-1_Br2720_mid,3,1,0,0,1,0,0,0
GCTAAGCCCAGTATGC-1_Br2720_mid,4,1,0,0,3,1,0,0
GCTACAATCGAGGATA-1_Br2720_mid,9,0,0,0,5,0,1,0
GCTACGACTTATTGGG-1_Br2720_mid,8,1,3,0,1,1,0,0
GCTACTATAGTAGAGT-1_Br2720_mid,3,1,0,0,0,1,0,0
GCTAGACCGTCTACTG-1_Br2720_mid,5,2,0,0,2,2,0,0
GCTAGAGTAGAGATGT-1_Br2720_mid,5,0,0,0,1,0,0,0
GCTAGCAACGCACCTA-1_Br2720_mid,6,1,0,1,4,0,2,0
GCTAGCTTGAATAGCT-1_Br2720_mid,4,0,1,0,2,0,0,0
GCTAGGCACCACGGAG-1_Br2720_mid,5,3,0,0,0,0,0,0
GCTAGTAGAGCTTGTA-1_Br2720_mid,0,0,0,0,0,0,0,0
GCTATAAGGGCCAGGA-1_Br2720_mid,6,1,0,0,3,0,0,0
GCTATACGTCTCGGAC-1_Br2720_mid,4,1,0,0,2,1,0,0
GCTATCATACTCATGG-1_Br2720_mid,7,0,3,0,0,0,0,1
GCTCAATGTAATACCG-1_Br2720_mid,6,3,2,0,1,0,0,0
GCTCATTGATCATATC-1_Br2720_mid,5,1,1,0,1,1,0,0
GCTCCATGAGTGCAGA-1_Br2720_mid,7,2,0,0,4,0,0,0
GCTCCATGCAAAGCAA-1_Br2720_mid,6,0,4,0,3,0,0,0
GCTCCCAGTCGGTCCA-1_Br2720_mid,2,0,1,0,2,0,0,0
GCTCCGCTCGCTTCAG-1_Br2720_mid,1,1,0,0,0,0,1,0
GCTCGCTCATGTCCAA-1_Br2720_mid,5,1,0,0,3,0,0,0
GCTCTTTCCGCTAGTG-1_Br2720_mid,4,0,2,0,1,1,1,0
GCTGAGGCGTGAGTAT-1_Br2720_mid,2,0,0,0,0,0,0,0
GCTGCACGGTTTCTTA-1_Br2720_mid,4,1,1,0,1,0,0,0
GCTGCGAAGAATTATT-1_Br2720_mid,1,0,0,0,1,0,0,0
GCTGCTAAGTAGTCGA-1_Br2720_mid,8,0,2,0,3,0,0,0
GCTGCTACTGCGTAGC-1_Br2720_mid,3,1,0,0,0,0,0,0
GCTGCTCTCCGGACAC-1_Br2720_mid,15,2,3,0,7,1,0,0
GCTGGCGGCGCATGCT-1_Br2720_mid,9,2,3,1,3,1,0,0
GCTGGGAGCGCGTCAA-1_Br2720_mid,7,0,0,0,5,0,1,0
GCTGTTGCTACCGAAC-1_Br2720_mid,7,1,0,0,7,0,0,0
GCTTAATGTAACTAAC-1_Br2720_mid,4,0,4,0,1,0,0,0
GCTTATGAAGCAGGAA-1_Br2720_mid,3,2,0,0,1,0,0,0
GCTTCCATGTAACCGC-1_Br2720_mid,6,0,1,1,2,1,2,0
GCTTCCCGTAAGCTCC-1_Br2720_mid,7,1,1,0,2,2,0,0
GCTTGAGTGACCTCTG-1_Br2720_mid,3,0,0,0,1,1,0,0
GCTTTACACAACTGGG-1_Br2720_mid,10,1,1,0,7,0,0,0
GCTTTATTAAGTTACC-1_Br2720_mid,4,0,0,1,2,1,0,0
GGAAACTAAATGGGCC-1_Br2720_mid,2,0,0,0,2,1,0,0
GGAAAGGGAATTGAGC-1_Br2720_mid,4,0,1,0,1,0,0,0
GGAAAGTCTTGATTGT-1_Br2720_mid,2,0,0,0,0,0,0,0
GGAACCGTGTAAATTG-1_Br2720_mid,6,2,0,0,4,1,1,0
GGAACTCGTGAATACG-1_Br2720_mid,6,2,1,0,2,0,1,0
GGAACTTTGGCGATTA-1_Br2720_mid,1,0,0,0,1,0,0,0
GGAAGGACACCGTATA-1_Br2720_mid,2,0,0,0,3,0,0,0
GGACAACCATGAAGCC-1_Br2720_mid,6,2,0,0,4,0,1,4
GGACACAAGTTTACAC-1_Br2720_mid,2,0,0,0,0,0,0,0
GGACACCTCGGTGTTG-1_Br2720_mid,3,0,1,0,1,0,0,0
GGACCAACAGGATAAC-1_Br2720_mid,2,1,0,0,1,0,0,0
GGACGGGCGACCAACC-1_Br2720_mid,2,1,1,0,1,0,0,0
GGACTCACAAATTAGG-1_Br2720_mid,4,0,0,0,3,1,0,0
GGACTCGAAGCTTTCA-1_Br2720_mid,4,0,0,0,8,0,0,0
GGACTCGACAGCGCAT-1_Br2720_mid,6,0,1,0,3,1,0,0
GGACTCGTGAGTGGTC-1_Br2720_mid,5,1,0,0,4,0,0,0
GGACTCTTCCGGTTGA-1_Br2720_mid,8,0,0,0,5,0,0,0
GGACTCTTTGACTAAG-1_Br2720_mid,1,0,0,0,1,0,0,0
GGAGACGACACCTTTG-1_Br2720_mid,8,0,3,0,1,1,0,0
GGAGCAACATTTCAAG-1_Br2720_mid,9,2,0,1,3,0,1,0
GGAGCGAGGCCTACTT-1_Br2720_mid,5,1,3,0,0,0,0,0
GGAGGGTCAAGTAAGA-1_Br2720_mid,0,0,0,0,0,0,0,0
GGAGTTGATTCTGTGT-1_Br2720_mid,3,1,0,0,1,0,0,2
GGATCTTACTGCCCTT-1_Br2720_mid,1,1,0,0,0,0,0,0
GGATGAAGATCGCTGA-1_Br2720_mid,2,0,0,0,2,0,1,0
GGATGGCTTGAAGTAT-1_Br2720_mid,5,1,0,0,3,0,0,0
GGATGTCCTTACCGCA-1_Br2720_mid,1,0,0,0,2,0,0,0
GGATTAATCATGGACC-1_Br2720_mid,4,0,1,0,0,0,0,0
GGATTGAAGTAGCCTC-1_Br2720_mid,7,2,0,0,6,0,0,0
GGATTGCTGTGACTCC-1_Br2720_mid,2,2,1,0,0,1,0,1
GGCAAATTACTTTACT-1_Br2720_mid,4,3,0,0,0,0,0,1
GGCAAGCCCATAGTGG-1_Br2720_mid,7,0,2,1,2,2,0,1
GGCAAGGCGAAATAGC-1_Br2720_mid,9,0,0,0,4,1,0,0
GGCACGCTGCTACAGT-1_Br2720_mid,3,1,0,1,1,1,0,0
GGCACTCAGCCGACCC-1_Br2720_mid,4,2,0,0,2,0,0,0
GGCACTGCGGTGGTTT-1_Br2720_mid,1,0,0,0,0,1,0,0
GGCAGCAAACCTATGC-1_Br2720_mid,6,3,0,0,4,0,0,0
GGCATTCCCTCCCTCG-1_Br2720_mid,3,1,0,0,2,0,0,0
GGCATTGAACATCTCA-1_Br2720_mid,8,0,0,1,5,0,0,0
GGCCAATTGTATAGAC-1_Br2720_mid,5,2,0,0,1,0,1,1
GGCCCAGCTGGTTTGC-1_Br2720_mid,3,0,0,0,3,1,1,0
GGCCGCAGGAACCGCA-1_Br2720_mid,7,3,0,4,7,0,0,0
GGCCGGCGTCTGCTAT-1_Br2720_mid,3,0,1,0,1,0,0,0
GGCCGTTTGGGTTTCA-1_Br2720_mid,1,0,0,0,0,0,0,0
GGCCTGCTCTGATGTT-1_Br2720_mid,4,0,3,0,0,0,0,0
GGCCTGCTTCTCCCGA-1_Br2720_mid,2,3,0,0,3,0,0,0
GGCGAAATCTAACTTG-1_Br2720_mid,3,0,1,0,2,0,0,0
GGCGCACAGTTTACCT-1_Br2720_mid,4,0,0,0,2,0,0,0
GGCGCATGAATTGATG-1_Br2720_mid,2,0,0,0,2,2,0,0
GGCGCGGAGATCTTTC-1_Br2720_mid,1,0,0,0,0,0,0,0
GGCGCGTTCGAGTTTA-1_Br2720_mid,8,2,1,0,3,0,0,0
GGCGCTTCATTCCCTG-1_Br2720_mid,9,1,4,0,2,0,0,1
GGCGGGCTCTAAGAGT-1_Br2720_mid,5,0,0,0,4,0,0,0
GGCGTAGGGAAAGCTG-1_Br2720_mid,3,1,0,0,1,0,0,0
GGCTACTATACACTCC-1_Br2720_mid,2,0,0,0,1,0,0,0
GGCTGAAATAGCAAAG-1_Br2720_mid,4,0,4,0,1,0,0,2
GGCTGGCAATCCCACG-1_Br2720_mid,1,1,0,0,0,0,0,0
GGCTGTCCTACTGCGG-1_Br2720_mid,4,1,0,0,1,0,0,0
GGCTTCTCGTGGGTGG-1_Br2720_mid,4,2,0,0,0,0,0,0
GGCTTTCAATAAGGGT-1_Br2720_mid,10,0,4,1,4,1,0,0
GGGAAAGAATGCCAAC-1_Br2720_mid,5,3,0,0,4,0,0,0
GGGAAGACGGTCTGTC-1_Br2720_mid,3,0,0,0,2,0,0,0
GGGAAGGGCTTTCTCA-1_Br2720_mid,3,1,0,0,3,0,0,0
GGGACCCGTATATCTT-1_Br2720_mid,8,1,3,0,3,0,0,0
GGGACTGCATAGATAG-1_Br2720_mid,12,2,1,0,8,0,1,1
GGGAGAACTCACAGTA-1_Br2720_mid,12,0,5,0,6,0,0,0
GGGAGCGACCGTAGTG-1_Br2720_mid,5,3,0,0,2,0,1,0
GGGAGTTAATGAGGCG-1_Br2720_mid,3,0,1,1,1,0,0,0
GGGATTTACCGCACCT-1_Br2720_mid,3,0,2,0,2,0,0,0
GGGCACGTAGTACTGT-1_Br2720_mid,4,0,1,0,0,0,0,0
GGGCAGAGCAATCGTT-1_Br2720_mid,12,3,4,0,5,0,0,3
GGGCAGTCAACGCCAA-1_Br2720_mid,1,0,0,0,1,0,1,0
GGGCATGCATGTCGAG-1_Br2720_mid,4,1,0,0,3,0,0,1
GGGCCCGTCTTAAACA-1_Br2720_mid,2,0,0,0,0,0,0,0
GGGCCGGCCGAAGTAC-1_Br2720_mid,8,1,2,0,3,0,0,0
GGGCGGCAAATGAATT-1_Br2720_mid,2,1,0,0,1,2,0,0
GGGCGTCACCACGTAA-1_Br2720_mid,2,1,1,0,1,0,0,0
GGGCGTGGTTTCCCAG-1_Br2720_mid,6,0,1,0,1,0,0,0
GGGCTATGATCGATGG-1_Br2720_mid,9,0,5,0,2,0,1,0
GGGCTGCCTAGGGCGA-1_Br2720_mid,3,0,0,1,2,0,0,0
GGGTCAGGAGCTAGAT-1_Br2720_mid,10,1,5,0,6,1,0,0
GGGTCTATCGCTTTCC-1_Br2720_mid,2,1,0,0,0,1,0,0
GGGTGACACCTTAACT-1_Br2720_mid,2,0,0,0,0,0,0,0
GGGTTAACATTTGAGT-1_Br2720_mid,3,0,0,1,2,0,0,0
GGGTTTAGGATAGGAT-1_Br2720_mid,1,0,0,0,2,0,0,0
GGTAAACTCTGCGCTG-1_Br2720_mid,4,0,0,0,3,0,0,0
GGTACAAACATGCTAT-1_Br2720_mid,7,1,1,0,3,0,0,0
GGTACGTTGCGGCCGG-1_Br2720_mid,3,0,0,0,1,0,2,1
GGTACTAAGTGCTTTG-1_Br2720_mid,3,0,0,0,4,0,0,0
GGTAGAAGACCGCCTG-1_Br2720_mid,7,0,1,0,3,1,0,0
GGTAGACCGTTGGGCG-1_Br2720_mid,5,0,1,1,0,2,0,0
GGTAGGCCAATATCAC-1_Br2720_mid,2,1,0,0,0,0,0,0
GGTAGTGCTCGCACCA-1_Br2720_mid,8,0,5,0,1,0,1,0
GGTCAAGACTACTTCG-1_Br2720_mid,7,3,0,0,6,0,0,0
GGTCAGTGGGTCCCAC-1_Br2720_mid,7,0,1,0,3,1,0,0
GGTCGGTCGTCCACAG-1_Br2720_mid,1,0,0,0,1,0,0,0
GGTCTCCAAGTAGTGC-1_Br2720_mid,4,0,0,0,4,0,1,0
GGTCTCCGTCCAGGTT-1_Br2720_mid,10,0,1,0,6,0,0,1
GGTCTTGAGCGCTCTT-1_Br2720_mid,8,1,3,0,1,1,0,0
GGTGACTGATAGAGAG-1_Br2720_mid,6,1,2,0,3,0,0,0
GGTGATAAGGAGCAGT-1_Br2720_mid,3,0,0,0,1,0,0,0
GGTGCATAAATGATTA-1_Br2720_mid,1,1,2,0,0,0,0,0
GGTGGACTGCTCTGGC-1_Br2720_mid,4,1,0,0,3,0,0,0
GGTGTAAATCGATTGT-1_Br2720_mid,4,1,0,0,1,0,0,0
GGTGTAGGTAAGTAAA-1_Br2720_mid,6,2,0,0,4,0,1,0
GGTGTTGGGCGTCTTA-1_Br2720_mid,2,1,0,0,2,0,0,0
GGTTACCGCTCCCTAC-1_Br2720_mid,5,0,0,1,4,1,0,0
GGTTAGCTATATGTCT-1_Br2720_mid,2,0,0,0,1,0,0,0
GGTTCCGTACGACTAA-1_Br2720_mid,1,0,1,0,0,0,0,0
GGTTCGCATTTGCCGT-1_Br2720_mid,4,1,0,0,2,0,0,0
GGTTCTACTCGTCTGA-1_Br2720_mid,8,3,0,1,7,1,2,0
GGTTTAATTACCATCG-1_Br2720_mid,3,0,0,0,1,0,0,0
GGTTTAGCCTTTCTTG-1_Br2720_mid,6,1,0,0,3,0,0,0
GGTTTGTGACCTGAGG-1_Br2720_mid,6,0,1,0,4,0,0,0
GTAACAGGTTAACGGC-1_Br2720_mid,8,1,0,0,4,1,0,1
GTAACATCTAAGATAA-1_Br2720_mid,4,2,1,0,0,0,0,0
GTAACTGCCCAAGGAG-1_Br2720_mid,5,0,3,0,1,0,0,0
GTAAGTAACAGTCTGG-1_Br2720_mid,3,3,0,0,0,0,2,0
GTAAGTCCACACTCTA-1_Br2720_mid,8,2,1,0,3,0,0,0
GTAATCTGATTCTTCG-1_Br2720_mid,2,0,0,1,2,2,0,0
GTACACTTACCTGAAG-1_Br2720_mid,5,1,2,0,1,0,1,0
GTACAGAGGCAAGGGT-1_Br2720_mid,2,0,2,0,0,0,0,0
GTACGCTTCATTGCAC-1_Br2720_mid,4,0,3,0,0,0,0,0
GTACGTTTGCCCGTCA-1_Br2720_mid,5,2,0,1,1,0,0,0
GTACTACGGCCTCGTT-1_Br2720_mid,4,0,0,0,4,0,0,0
GTAGACACGCCTGACT-1_Br2720_mid,4,0,2,0,1,0,0,0
GTAGCCAAACATGGGA-1_Br2720_mid,11,3,5,0,3,0,0,2
GTAGCGGCTATACACT-1_Br2720_mid,6,0,2,0,2,1,1,0
GTAGCTCCGGGAGGCT-1_Br2720_mid,5,1,1,0,2,1,0,0
GTAGTCGCGGGAATCA-1_Br2720_mid,6,0,7,0,1,0,0,0
GTAGTCTACGATATTG-1_Br2720_mid,2,0,0,0,0,0,0,0
GTAGTGAGCAACCTCA-1_Br2720_mid,2,3,0,0,1,0,0,0
GTAGTTCGAAGGCGAA-1_Br2720_mid,4,0,2,0,1,2,0,0
GTATCAAACGTTAGCT-1_Br2720_mid,4,0,0,0,1,1,1,0
GTATCAAGGTACTTCC-1_Br2720_mid,5,1,4,0,1,0,0,0
GTATCCTTTGGTAACC-1_Br2720_mid,6,2,0,0,5,0,0,0
GTATCTTTCATAACCA-1_Br2720_mid,7,1,3,0,4,1,0,0
GTATGTGGGTCTAGTT-1_Br2720_mid,1,0,0,0,0,0,1,0
GTATTTAATGGCATAA-1_Br2720_mid,4,0,0,0,3,1,0,0
GTCAACCAGGCCTATA-1_Br2720_mid,5,2,1,0,2,0,0,0
GTCAAGCGGACTCGGG-1_Br2720_mid,8,0,2,0,2,0,0,0
GTCATGCGCGAGGGCT-1_Br2720_mid,1,0,0,0,0,0,0,1
GTCATTAGAGCGAACG-1_Br2720_mid,8,1,0,0,3,0,0,0
GTCCAATATTTAGCCT-1_Br2720_mid,4,0,2,0,0,1,0,0
GTCCACGTCGCATTCG-1_Br2720_mid,3,0,0,0,4,0,0,0
GTCCAGGCACGTGTGC-1_Br2720_mid,3,1,2,0,1,0,0,0
GTCCATTACTGCTACG-1_Br2720_mid,9,1,1,0,5,0,1,0
GTCCCAACGTAAAGTA-1_Br2720_mid,11,2,5,0,5,1,2,0
GTCCCGCGACGTTATG-1_Br2720_mid,2,0,0,0,2,0,0,0
GTCCGGACCTGAAATT-1_Br2720_mid,6,1,1,0,3,4,0,1
GTCCGGGTTCACATTA-1_Br2720_mid,7,1,4,0,2,1,1,0
GTCCGTTAGAGGGCCT-1_Br2720_mid,0,0,0,0,0,1,0,1
GTCCTACGAATAGTCT-1_Br2720_mid,3,1,0,0,3,0,0,0
GTCGATAGGTGACTTT-1_Br2720_mid,8,7,0,0,1,1,0,0
GTCGCCGTTGTGTGTT-1_Br2720_mid,2,0,0,0,0,0,0,0
GTCGGGAAGCAGAAAC-1_Br2720_mid,8,1,5,0,2,2,0,0
GTCGGGTGAAGTACCG-1_Br2720_mid,2,0,0,0,1,0,0,0
GTCGTACCATCTCGGG-1_Br2720_mid,6,1,2,0,2,0,0,0
GTCGTTATTCGCTTAT-1_Br2720_mid,4,0,1,0,3,0,0,0
GTCTAGTGAGCCGCTT-1_Br2720_mid,4,2,0,0,0,0,0,0
GTCTATACACGCATGG-1_Br2720_mid,3,0,1,0,0,0,0,0
GTCTATTGCATGCTCG-1_Br2720_mid,8,1,2,0,3,0,0,0
GTCTATTGGTTCCGGT-1_Br2720_mid,6,0,0,0,3,1,0,0
GTCTCAAGGCCCGGCT-1_Br2720_mid,12,2,6,0,5,1,0,0
GTCTCCCGAGTCCCGT-1_Br2720_mid,4,1,0,0,2,0,0,0
GTCTCCGCCTCAATAC-1_Br2720_mid,7,1,2,0,4,0,0,0
GTCTGCCGACTCGACG-1_Br2720_mid,1,1,0,0,0,1,0,0
GTCTGTAGGTTGAACA-1_Br2720_mid,4,0,1,0,3,0,0,0
GTCTTACCACGCCAAG-1_Br2720_mid,2,0,0,0,1,0,0,0
GTCTTGTAGCTATTCA-1_Br2720_mid,2,1,0,0,0,0,0,0
GTGACAGCTTCCCACT-1_Br2720_mid,7,1,1,0,3,0,0,2
GTGACCGCACACTACG-1_Br2720_mid,2,2,1,0,0,0,0,0
GTGACGCAGGTTTCAT-1_Br2720_mid,3,0,0,0,1,0,1,0
GTGACTTCAGTAGTGC-1_Br2720_mid,6,0,1,0,3,0,0,0
GTGAGATAACCTTATA-1_Br2720_mid,4,0,1,0,0,0,1,0
GTGAGGACACTTAAGG-1_Br2720_mid,9,1,1,0,5,0,0,0
GTGAGTCGACTAATAG-1_Br2720_mid,3,1,0,0,2,0,0,0
GTGAGTGGTACAACGC-1_Br2720_mid,6,0,2,0,2,1,0,1
GTGATCACTAACGCCT-1_Br2720_mid,2,0,0,0,0,0,0,0
GTGATCATAGATCTGC-1_Br2720_mid,1,0,0,1,1,1,1,0
GTGATCCTTGTCATGA-1_Br2720_mid,7,3,4,0,2,1,1,0
GTGCACCAGCTTCAAC-1_Br2720_mid,8,0,8,0,2,0,0,0
GTGCAGCGTAGAGTAG-1_Br2720_mid,5,3,0,2,1,0,0,0
GTGCCCGTTCGGATTC-1_Br2720_mid,5,0,2,0,1,0,1,0
GTGCCTGAGACCAAAC-1_Br2720_mid,6,1,0,0,4,0,0,0
GTGCGACAGGGAGTGT-1_Br2720_mid,0,0,0,0,0,0,0,0
GTGCGTGTATATGAGC-1_Br2720_mid,4,1,0,0,0,0,0,0
GTGCTATCCAGCTGGA-1_Br2720_mid,5,0,0,0,2,0,0,0
GTGCTGTTAGAACATA-1_Br2720_mid,4,0,0,0,6,0,0,0
GTGCTTACATCAGCGC-1_Br2720_mid,2,0,0,0,1,1,0,0
GTGGACGCATTTGTCC-1_Br2720_mid,7,0,5,0,2,0,0,0
GTGGCTGTTTCTGTTC-1_Br2720_mid,3,1,0,0,0,3,0,0
GTGGGAACAAACCGGG-1_Br2720_mid,3,0,0,0,0,0,0,0
GTGGTATAGTCTGCCG-1_Br2720_mid,3,3,0,0,1,0,0,0
GTGGTGATGGTTTGTG-1_Br2720_mid,5,2,0,0,0,1,0,0
GTGGTGGCCAAGTGAA-1_Br2720_mid,5,0,1,0,1,0,0,0
GTGTATATCAGCGGGC-1_Br2720_mid,4,0,1,0,1,0,1,0
GTGTCAGTGTACGTGG-1_Br2720_mid,2,0,1,0,0,1,0,0
GTGTCGTATAGCGTTC-1_Br2720_mid,8,1,3,0,3,0,0,2
GTGTTACTATGCGTCC-1_Br2720_mid,6,2,0,0,2,0,0,0
GTTAAAGTAGGACTGG-1_Br2720_mid,2,2,1,0,2,0,0,0
GTTAACATCACTTAAA-1_Br2720_mid,9,1,3,1,3,0,0,0
GTTAACTATGTTGTCA-1_Br2720_mid,4,1,0,0,3,1,0,0
GTTAAGGGTGCGATGT-1_Br2720_mid,8,0,3,1,1,0,0,0
GTTAATAGCGTCATTA-1_Br2720_mid,5,7,0,0,1,0,0,0
GTTACCAAGGCGTACG-1_Br2720_mid,9,4,0,0,4,2,0,0
GTTACCTACAACTTGC-1_Br2720_mid,3,0,0,0,0,0,0,0
GTTACTTTGGGCCTAG-1_Br2720_mid,4,0,0,0,3,0,0,0
GTTAGCCCATGACATC-1_Br2720_mid,5,2,2,0,0,0,2,0
GTTATAATACGGTGAA-1_Br2720_mid,4,0,1,0,2,0,1,0
GTTATATTATCTCCCT-1_Br2720_mid,6,1,0,0,2,0,0,0
GTTATCAAGCTATCGA-1_Br2720_mid,9,1,2,0,5,0,1,0
GTTCAGTCGCCAAATG-1_Br2720_mid,6,1,1,0,3,0,0,0
GTTCCCGTAAACATAT-1_Br2720_mid,3,0,0,0,4,1,0,0
GTTCCGTCCGCCTGCA-1_Br2720_mid,4,0,0,1,1,0,0,0
GTTCGCTGAGACGTCT-1_Br2720_mid,5,0,0,0,4,1,0,0
GTTCGGAGCACTCAAC-1_Br2720_mid,2,1,0,0,0,0,0,0
GTTCGGATCGGGAACA-1_Br2720_mid,3,1,1,0,1,0,1,0
GTTCGTCTAAAGAACT-1_Br2720_mid,2,0,0,0,3,0,0,0
GTTCTTGTAACTCAAT-1_Br2720_mid,2,0,0,0,1,0,0,0
GTTGAGTCCCGCCGGT-1_Br2720_mid,5,0,4,0,1,2,0,0
GTTGCAGTCGACAACA-1_Br2720_mid,7,2,0,2,2,2,0,0
GTTGCGGACGGTCAGG-1_Br2720_mid,2,0,0,0,2,1,0,0
GTTGGTCATGCTATCC-1_Br2720_mid,8,0,0,0,3,1,0,1
GTTGTAGATTTATGAG-1_Br2720_mid,5,2,0,0,3,0,0,0
GTTGTTGCAAGATGGC-1_Br2720_mid,6,4,0,0,9,0,0,0
GTTTACGTTCCATCTG-1_Br2720_mid,10,2,1,0,4,0,0,0
GTTTCAAACGAGTTGT-1_Br2720_mid,4,0,0,0,4,0,0,0
GTTTCTAGAGGCGCGG-1_Br2720_mid,5,1,0,0,4,2,0,0
GTTTCTGCAGTCTCCC-1_Br2720_mid,5,1,4,0,0,0,0,0
GTTTGGCCCAAGTTAT-1_Br2720_mid,6,1,0,0,1,0,0,0
GTTTGGGCTTGTGAGC-1_Br2720_mid,3,1,0,0,1,0,0,0
GTTTGGGTTTCGCCCG-1_Br2720_mid,6,3,0,0,1,0,0,0
GTTTGGTAGGGTCAAC-1_Br2720_mid,5,1,1,0,2,0,0,0
GTTTGGTGATCGGTGC-1_Br2720_mid,2,1,0,0,2,1,0,0
TAAAGCGGTATTTCCA-1_Br2720_mid,6,4,0,0,2,1,0,0
TAAAGTGCACGTCTCG-1_Br2720_mid,3,1,0,0,1,0,0,0
TAAATGGGCTACTGAG-1_Br2720_mid,3,2,0,0,2,0,0,0
TAAATTGTGGGTAAAG-1_Br2720_mid,7,4,0,1,1,0,1,0
TAAATTTAGTAACACC-1_Br2720_mid,4,2,1,0,1,0,0,0
TAACAGCGTTTGTGCT-1_Br2720_mid,3,0,1,0,0,0,0,0
TAACAGGTTCCCTTAG-1_Br2720_mid,5,0,2,0,0,0,0,2
TAACATACAATGTGGG-1_Br2720_mid,6,1,2,1,3,0,0,1
TAACCTAGGGAGTCCA-1_Br2720_mid,6,1,0,0,3,1,0,0
TAAGGCATAACATCAA-1_Br2720_mid,4,0,2,0,1,0,0,0
TAAGGCCCGTCACCCT-1_Br2720_mid,5,3,2,0,1,0,0,0
TAAGGCTGAATCCCTC-1_Br2720_mid,4,0,0,0,2,3,0,0
TAAGGGCCTGTCCGAT-1_Br2720_mid,6,3,0,0,3,0,0,0
TAAGTCGGTGAGCTAG-1_Br2720_mid,1,1,0,0,1,0,1,0
TAAGTTGCGACGTAGG-1_Br2720_mid,3,0,0,0,1,0,0,0
TAATACTAGAACAGAC-1_Br2720_mid,4,0,0,1,1,0,0,0
TAATCAACCAAATGGG-1_Br2720_mid,9,0,0,0,7,0,0,0
TAATTACGTCAGTAGA-1_Br2720_mid,2,0,0,0,4,0,0,1
TAATTAGGACATCCGT-1_Br2720_mid,2,4,0,0,2,0,0,0
TAATTCCAATGCTTCA-1_Br2720_mid,2,0,0,0,1,1,0,0
TACAACAGCGCATACA-1_Br2720_mid,3,0,0,0,2,0,0,0
TACAAGGGCTTCTTTA-1_Br2720_mid,2,0,0,0,0,0,0,0
TACACAGCCGTGGTGC-1_Br2720_mid,8,0,3,0,2,1,0,1
TACACCTCTTCGAATC-1_Br2720_mid,4,1,1,0,4,1,0,0
TACAGAAACGGTGGGC-1_Br2720_mid,7,4,0,0,4,0,0,0
TACATAGGCATACACC-1_Br2720_mid,4,0,0,0,1,0,0,0
TACATGCCGGAATTGT-1_Br2720_mid,3,1,0,0,4,0,0,0
TACATTTCTAACGTGC-1_Br2720_mid,9,3,2,0,6,0,0,1
TACCAAATAGCCCAGA-1_Br2720_mid,7,0,5,0,3,0,0,1
TACCAATAAAGTACCA-1_Br2720_mid,4,0,1,0,2,0,0,0
TACCAGAAGTAGGTTC-1_Br2720_mid,3,0,0,0,1,0,0,0
TACCAGGAATCCCGTC-1_Br2720_mid,1,0,0,0,0,0,0,0
TACCATGTATTGATTT-1_Br2720_mid,6,1,0,1,4,1,0,0
TACCCTCGGTAACCCT-1_Br2720_mid,4,2,0,0,1,0,0,0
TACCGAATAATTGTAA-1_Br2720_mid,2,0,0,0,0,0,1,0
TACCGGCTCACTGCCC-1_Br2720_mid,10,1,7,0,0,1,0,0
TACCGTAGGTTAACTA-1_Br2720_mid,7,3,3,0,0,1,0,0
TACCGTGCCTCGGACC-1_Br2720_mid,7,2,2,0,3,0,1,2
TACCTACTCCCAGTAT-1_Br2720_mid,5,2,2,0,1,0,1,1
TACCTCACCAATTGTA-1_Br2720_mid,7,1,1,0,2,1,2,0
TACCTCAGTTGTCTGT-1_Br2720_mid,4,0,1,0,0,2,0,0
TACCTCTTTACCATCC-1_Br2720_mid,3,0,0,0,3,0,0,0
TACGACGCTTGCTGCG-1_Br2720_mid,5,0,0,0,2,0,0,0
TACGACTGCCTCTTAG-1_Br2720_mid,8,0,2,0,4,0,0,0
TACGCAGTTCTTTCCT-1_Br2720_mid,1,0,0,0,0,0,0,0
TACGCCATATTCTAAT-1_Br2720_mid,5,0,0,0,6,1,1,0
TACGCCTCCATTCCGA-1_Br2720_mid,5,0,3,0,0,1,0,0
TACGCTCCTAGAACTG-1_Br2720_mid,4,1,0,0,2,0,0,0
TACGCTCGGTATTGGA-1_Br2720_mid,3,0,0,0,0,0,0,0
TACGCTGCACGGTCGT-1_Br2720_mid,7,1,1,0,4,0,0,0
TACGGAAGCCAAACCA-1_Br2720_mid,7,1,4,0,0,0,0,0
TACGGCATGGACGCTA-1_Br2720_mid,3,0,0,0,5,0,0,0
TACGGGTAATAACATA-1_Br2720_mid,3,1,0,0,0,1,1,0
TACGTAAAGCGGAGTG-1_Br2720_mid,4,0,1,0,0,1,0,0
TACGTACTAGTGCTGA-1_Br2720_mid,2,1,2,0,1,0,1,0
TACGTGGGCCCAGGGC-1_Br2720_mid,5,0,0,0,5,0,0,0
TACTACGTGCAATGCG-1_Br2720_mid,1,0,0,0,0,0,1,0
TACTATGGTTCCTCAG-1_Br2720_mid,3,0,0,0,2,0,0,0
TACTCATTGACGCATC-1_Br2720_mid,2,1,0,1,0,0,0,0
TACTCCTCTAGTTGAC-1_Br2720_mid,4,0,1,0,1,1,0,0
TACTCGTTTGAATCAA-1_Br2720_mid,3,0,0,0,2,0,0,0
TACTCTTACTTTACTG-1_Br2720_mid,3,1,1,0,2,0,0,0
TACTCTTTCGTCTTCA-1_Br2720_mid,3,1,1,0,2,0,0,3
TACTGAACAGATTTAG-1_Br2720_mid,5,1,0,0,3,1,0,0
TACTGCATGATTAAAT-1_Br2720_mid,2,1,0,0,0,0,0,0
TACTGTTTCTCTGGTA-1_Br2720_mid,3,1,0,0,2,0,0,0
TACTTAAACATGTACA-1_Br2720_mid,3,3,0,0,2,0,0,0
TACTTGTTAGTAGTCC-1_Br2720_mid,5,0,0,0,5,0,0,2
TAGAAGAAGGGTTACA-1_Br2720_mid,2,1,0,0,1,0,0,0
TAGAATAGCCGATGAA-1_Br2720_mid,3,0,0,0,2,0,0,0
TAGACGAAACGCCAAT-1_Br2720_mid,2,0,3,0,0,0,0,0
TAGACTACCTAGCGTT-1_Br2720_mid,11,1,1,2,6,1,0,0
TAGAGGGAGTTTATCT-1_Br2720_mid,8,0,1,1,3,1,0,0
TAGAGGTTCTACTTGT-1_Br2720_mid,5,2,1,0,1,0,0,0
TAGAGTGTTCCGGGTA-1_Br2720_mid,6,2,0,0,1,0,0,0
TAGATATGGACTGGAA-1_Br2720_mid,1,0,0,0,4,1,0,0
TAGATGGTTCCTTACT-1_Br2720_mid,2,4,0,0,0,0,0,0
TAGATTCAAAGTGCGG-1_Br2720_mid,1,0,0,0,0,0,0,0
TAGATTCTCTAGCAAA-1_Br2720_mid,5,0,0,0,7,1,0,0
TAGCAGATACTTAGGG-1_Br2720_mid,3,1,0,0,2,0,0,0
TAGCAGTATGACTAAA-1_Br2720_mid,9,2,1,0,3,0,0,0
TAGCCATTTCAAAGTC-1_Br2720_mid,4,2,0,0,1,3,0,0
TAGCGTCCCTCGATTG-1_Br2720_mid,5,4,0,0,2,0,0,0
TAGCGTCCGGTGTGGT-1_Br2720_mid,9,1,2,0,3,1,1,0
TAGCGTTGGGTCTTAC-1_Br2720_mid,9,0,2,1,4,0,0,0
TAGCTAGAAGGCATGA-1_Br2720_mid,1,0,0,0,0,0,0,0
TAGCTAGTGATGATGG-1_Br2720_mid,5,2,1,0,0,1,3,0
TAGCTCACTGTGTTTG-1_Br2720_mid,3,0,0,0,1,0,0,0
TAGCTCGCCTGATAAC-1_Br2720_mid,12,2,2,0,5,0,0,0
TAGGAGGCTCGAGAAC-1_Br2720_mid,1,0,0,0,1,0,0,1
TAGGATCTTAACCGCA-1_Br2720_mid,4,0,0,0,0,1,0,0
TAGGCCTATATAGTCT-1_Br2720_mid,2,2,0,0,1,0,0,0
TAGGCTAAAGTGGCAC-1_Br2720_mid,4,0,1,0,2,1,0,0
TAGGGAGCTTGGGATG-1_Br2720_mid,2,1,0,0,1,0,0,0
TAGGTGACGATAACCT-1_Br2720_mid,2,0,1,0,0,0,0,0
TAGGTGCTCGCCTAGC-1_Br2720_mid,1,1,0,0,2,0,0,0
TAGGTGTTCCACAGAT-1_Br2720_mid,7,0,2,1,3,1,0,0
TAGGTTCGAGTTCGTC-1_Br2720_mid,7,0,0,0,3,2,0,0
TAGGTTCTGCTGAGAA-1_Br2720_mid,3,0,0,0,1,1,0,0
TAGTAGCTTATACCAG-1_Br2720_mid,3,0,2,0,0,0,0,0
TAGTAGTTGCCGGACA-1_Br2720_mid,3,0,0,0,0,1,0,0
TAGTCCCGGAGACCAC-1_Br2720_mid,7,2,0,0,3,0,3,0
TAGTCCGCAGAGAATG-1_Br2720_mid,0,0,0,0,0,0,0,0
TAGTCGATCACGGGTT-1_Br2720_mid,7,1,0,0,3,0,1,0
TAGTCTGCGGCACATT-1_Br2720_mid,5,1,0,0,3,1,0,0
TAGTCTTTCCGAATTG-1_Br2720_mid,1,0,0,0,1,0,0,0
TAGTGACAAGCTCTAC-1_Br2720_mid,3,0,0,0,4,0,0,0
TATACACAGACGCCTT-1_Br2720_mid,4,0,1,0,1,0,0,0
TATACCGAGTGCCACA-1_Br2720_mid,6,0,1,0,6,0,0,0
TATACGCGTCATCACT-1_Br2720_mid,9,1,2,0,4,1,0,0
TATAGAGTCGCTTGAA-1_Br2720_mid,4,0,0,0,2,0,0,0
TATAGATGGTCGCAGT-1_Br2720_mid,6,1,0,0,2,1,0,0
TATATCAAAGTGATCT-1_Br2720_mid,4,1,1,1,0,1,0,0
TATATCCCTGGGAGGA-1_Br2720_mid,5,3,0,0,5,1,0,0
TATCCAATTGGTTATC-1_Br2720_mid,5,0,1,0,2,0,0,0
TATCCCTCGATCTGCA-1_Br2720_mid,7,2,0,1,3,0,1,0
TATCCGCACCGTCGGG-1_Br2720_mid,2,0,0,0,1,0,0,0
TATCCTATCAACTGGT-1_Br2720_mid,7,1,0,0,3,0,0,0
TATCTACCACAGCGGG-1_Br2720_mid,5,0,0,1,1,0,0,0
TATGAAGAATTAAGGT-1_Br2720_mid,4,3,0,0,1,1,0,0
TATGATCTTCTCTTTA-1_Br2720_mid,2,1,0,0,0,0,1,0
TATGGTTAGTGGGAGA-1_Br2720_mid,3,1,0,0,2,0,0,0
TATGTAAAGTGCTTAA-1_Br2720_mid,3,0,1,0,1,0,0,0
TATTAACCTGACCGCG-1_Br2720_mid,5,4,2,0,2,0,0,0
TATTACCATCCTGCTT-1_Br2720_mid,7,3,0,0,3,0,1,0
TATTCAATTCTAATCC-1_Br2720_mid,5,1,0,0,3,0,0,0
TATTCCACTCAGCTCG-1_Br2720_mid,3,0,1,0,0,0,0,0
TATTCCGAGCTGTTAT-1_Br2720_mid,4,0,0,0,1,0,2,0
TATTCGTGCCAGAATA-1_Br2720_mid,8,0,2,0,5,1,0,0
TATTGCCGGGCTTGTA-1_Br2720_mid,9,2,1,0,9,0,1,2
TATTTGATTTGCACAG-1_Br2720_mid,3,0,0,0,2,0,0,0
TCAAACTTAGATTGTT-1_Br2720_mid,1,0,0,0,0,0,0,0
TCAAATTATGTTCGAC-1_Br2720_mid,2,0,0,0,0,2,0,0
TCAAATTGTTGTGCCG-1_Br2720_mid,3,0,1,0,3,0,0,2
TCAAATTTGAGACTCA-1_Br2720_mid,10,0,7,0,2,2,0,0
TCAACATAGCGCCCTA-1_Br2720_mid,6,1,1,0,5,0,5,0
TCAACGAGGAGACAAA-1_Br2720_mid,2,0,0,0,0,0,1,0
TCAACTGCAGAGTCAG-1_Br2720_mid,1,0,0,0,0,0,0,0
TCAAGCGCGGACGGTA-1_Br2720_mid,1,0,0,0,1,0,0,0
TCAAGGTTACTACACC-1_Br2720_mid,5,0,1,0,2,0,0,0
TCAATACGCCGTCATG-1_Br2720_mid,5,0,1,0,0,0,0,0
TCAATATACAGGAGGC-1_Br2720_mid,5,0,0,0,1,0,2,0
TCAATCCCGCGCCAAA-1_Br2720_mid,6,2,0,0,3,0,0,0
TCAATCCGGGAAGTTT-1_Br2720_mid,4,0,0,0,5,0,0,0
TCACAAACCGAGGTAC-1_Br2720_mid,4,4,0,0,2,0,1,0
TCACAGCAAACTCGAA-1_Br2720_mid,4,0,0,0,2,3,0,0
TCACAGGAGAATAAGA-1_Br2720_mid,9,5,0,0,3,0,1,0
TCACAGGGAATCGCAA-1_Br2720_mid,4,0,1,0,1,0,0,0
TCACCCTCTTAAGATT-1_Br2720_mid,4,0,1,1,2,1,0,0
TCACGTGCCCGATTCA-1_Br2720_mid,5,0,2,0,4,0,0,0
TCACTATCCCTTCGGT-1_Br2720_mid,7,2,1,0,6,0,0,0
TCAGAACGGCGGTAAT-1_Br2720_mid,9,1,3,0,3,0,0,0
TCAGACGCTATAGAAG-1_Br2720_mid,7,1,3,0,2,2,0,0
TCAGAGGACGCGTTAG-1_Br2720_mid,3,0,0,0,1,0,0,0
TCAGAGTGTGAGCATG-1_Br2720_mid,1,0,0,0,2,0,0,0
TCAGCAGTAGGCCCTG-1_Br2720_mid,2,0,0,0,0,0,0,0
TCAGCCAATCCGTAAA-1_Br2720_mid,8,1,1,0,6,1,0,0
TCAGCGCACGCCGTTT-1_Br2720_mid,6,2,1,0,1,0,0,0
TCAGTAGGGACTATAA-1_Br2720_mid,5,1,0,0,3,0,0,0
TCATAAGTCCAAGAAG-1_Br2720_mid,8,1,1,0,3,0,0,0
TCATATGAGCTTTGTT-1_Br2720_mid,6,0,2,0,2,0,0,0
TCATCCTCAGCTGCTT-1_Br2720_mid,3,0,0,0,6,0,0,0
TCATCGACGACCGTCG-1_Br2720_mid,2,0,0,0,1,0,0,0
TCATGGAGGCCTTTGT-1_Br2720_mid,5,0,0,0,4,0,0,0
TCATTTAGAAGTGTGA-1_Br2720_mid,4,1,0,0,1,0,1,0
TCCAACTCAGCTATCT-1_Br2720_mid,6,1,1,0,4,0,1,0
TCCAAGCCTAGACACA-1_Br2720_mid,2,1,0,0,2,0,0,0
TCCAATAAAGGCTACC-1_Br2720_mid,3,1,2,0,1,0,0,0
TCCACATCGTATATTG-1_Br2720_mid,8,0,3,0,2,0,0,1
TCCACCAAGACATAGG-1_Br2720_mid,2,0,0,0,1,0,0,0
TCCACCTCTAGCCTTT-1_Br2720_mid,5,1,2,0,2,0,0,0
TCCAGAGCACCGGTTC-1_Br2720_mid,5,1,0,0,3,0,0,0
TCCAGCGCTATAAGCG-1_Br2720_mid,2,0,0,0,3,0,0,0
TCCAGGCAGGACGATC-1_Br2720_mid,8,1,0,0,4,0,0,0
TCCAGGGTATATACGA-1_Br2720_mid,10,0,1,0,7,0,0,1
TCCCAAACATCCTCTA-1_Br2720_mid,2,0,1,0,0,0,0,0
TCCCAATATCGACGAC-1_Br2720_mid,6,3,0,0,1,0,0,0
TCCCAGCACACGACAT-1_Br2720_mid,5,3,0,0,1,0,0,0
TCCCGTGTGCAATTTG-1_Br2720_mid,7,0,1,0,1,1,0,0
TCCCTCTTCTCAAGGG-1_Br2720_mid,3,1,0,0,4,0,0,0
TCCCTTGTCTGAAACT-1_Br2720_mid,4,2,0,0,1,0,0,0
TCCGAACGTTGCCGCT-1_Br2720_mid,5,0,0,0,5,0,0,0
TCCGACCGCTAATCAA-1_Br2720_mid,1,0,0,0,0,0,0,0
TCCGCCTGTCTACAAG-1_Br2720_mid,5,0,5,0,0,0,0,0
TCCGCGGCCCAATGAA-1_Br2720_mid,4,1,1,1,1,1,0,0
TCCGCTGTCATCCCGG-1_Br2720_mid,5,0,0,0,2,1,0,0
TCCGGCTGTCGGGTCG-1_Br2720_mid,0,0,0,0,0,0,0,0
TCCGGGCCACTAACGG-1_Br2720_mid,7,3,0,0,1,3,0,0
TCCGGGCTTGACGGGA-1_Br2720_mid,7,1,0,0,2,0,0,0
TCCGGTTCGTCCGGTC-1_Br2720_mid,4,1,1,1,1,1,0,0
TCCGTTAAGCTAATAT-1_Br2720_mid,8,2,0,0,2,0,0,0
TCCTAAAGATTCAGAC-1_Br2720_mid,1,0,0,0,1,0,0,0
TCCTAAATTGGGAAGC-1_Br2720_mid,6,1,3,0,1,0,1,0
TCCTAACCGTCGGGCA-1_Br2720_mid,2,0,2,0,1,0,1,1
TCCTACATCCACGGCC-1_Br2720_mid,3,1,1,0,0,0,0,0
TCCTATCATAGGTAAC-1_Br2720_mid,4,0,1,0,0,0,0,0
TCCTCGGGCTGGGCTT-1_Br2720_mid,4,3,0,0,0,1,0,0
TCCTGCAGCCGCCAAT-1_Br2720_mid,4,0,1,0,2,0,0,1
TCCTTACGACGGTCCG-1_Br2720_mid,4,2,0,0,2,1,0,0
TCCTTGTCCTTTAATT-1_Br2720_mid,7,1,2,0,3,0,0,0
TCCTTTAAATCCGCTT-1_Br2720_mid,6,0,1,0,2,0,1,0
TCGAAGAACCGAGCAC-1_Br2720_mid,7,0,2,0,5,0,2,1
TCGAATCGCAGGGTAG-1_Br2720_mid,4,0,0,0,1,0,0,0
TCGACTGACGATGGCT-1_Br2720_mid,1,0,0,0,1,0,0,0
TCGAGCCAGGCAGGCC-1_Br2720_mid,0,0,0,0,0,0,0,1
TCGAGGGCAACAGACG-1_Br2720_mid,5,0,0,0,2,0,0,0
TCGATTTACGAAACGA-1_Br2720_mid,9,2,4,1,3,0,0,0
TCGCAAAGATGCATTT-1_Br2720_mid,8,1,7,1,1,0,0,0
TCGCACCAGGAGGCAG-1_Br2720_mid,4,1,4,0,0,0,0,1
TCGCATAAAGGGCGCA-1_Br2720_mid,5,0,0,1,2,1,0,0
TCGCCGACATATTCGC-1_Br2720_mid,0,0,0,0,0,0,0,0
TCGCCTCCTTCGGCTC-1_Br2720_mid,8,1,0,0,6,0,1,0
TCGCTACTGGCTTTGA-1_Br2720_mid,4,0,3,0,1,2,1,0
TCGCTGCCAATGCTGT-1_Br2720_mid,3,0,0,0,3,0,0,0
TCGGCAGGGTTAAGGG-1_Br2720_mid,1,0,0,0,1,0,0,0
TCGGCGAACCCAAACC-1_Br2720_mid,3,0,0,0,2,1,0,0
TCGGCTTGTATCGACG-1_Br2720_mid,1,0,0,0,0,0,0,0
TCGGGAGACAGCGTAC-1_Br2720_mid,6,0,3,0,2,0,0,1
TCGGGCCGTCGTGGTA-1_Br2720_mid,7,2,0,0,2,1,0,0
TCGTAACTCCCAAGAC-1_Br2720_mid,2,0,0,0,0,0,0,0
TCGTACCGACGTCAAG-1_Br2720_mid,8,2,4,0,3,0,0,0
TCGTCAAGTACGCGCA-1_Br2720_mid,1,0,0,0,1,0,0,0
TCGTCTTAGGCGTTAA-1_Br2720_mid,6,0,1,0,0,1,1,0
TCGTGTTCGACCACAA-1_Br2720_mid,4,1,0,0,0,0,0,0
TCGTTAGGAGTCCCTA-1_Br2720_mid,4,0,1,0,1,0,0,0
TCGTTGCTATCCGGTC-1_Br2720_mid,5,1,1,0,2,2,0,0
TCGTTTACGCGACCCT-1_Br2720_mid,4,1,0,0,2,0,0,0
TCTAACCTAGCCTGCG-1_Br2720_mid,0,0,0,0,0,0,0,0
TCTACCCAATAGAGAG-1_Br2720_mid,1,0,0,0,0,0,0,0
TCTACCCGCATCATTT-1_Br2720_mid,2,0,0,0,0,0,0,0
TCTAGCATGCCCAGAA-1_Br2720_mid,10,2,5,0,3,0,0,0
TCTAGTGATATCGTGG-1_Br2720_mid,7,1,0,0,2,2,1,1
TCTATAGGTGGGTAAT-1_Br2720_mid,2,0,0,0,0,0,0,0
TCTATCCGATTGCACA-1_Br2720_mid,8,0,1,0,5,1,0,1
TCTATGCTATAACGAC-1_Br2720_mid,6,1,0,0,7,0,0,0
TCTCAAATCAATCGGG-1_Br2720_mid,6,3,1,0,2,0,0,0
TCTCAGGCTACTCGCT-1_Br2720_mid,5,1,0,0,1,1,0,0
TCTCATGAGATAGGGT-1_Br2720_mid,1,0,0,0,1,0,1,0
TCTCCACAAGTTGAAT-1_Br2720_mid,4,0,0,0,2,1,0,0
TCTCCCTGGGCAGCGT-1_Br2720_mid,6,2,1,0,1,0,0,0
TCTCGACGTATCGCCG-1_Br2720_mid,4,1,0,0,4,0,0,0
TCTCGAGGAGGTTCGC-1_Br2720_mid,6,2,0,0,2,1,0,0
TCTCTCGCCGCACATA-1_Br2720_mid,5,0,2,0,4,0,0,0
TCTCTTACCGCGAACC-1_Br2720_mid,4,0,2,0,0,0,0,0
TCTGAACTCGTACCCG-1_Br2720_mid,2,0,0,0,3,1,0,0
TCTGAAGCACGTGGTC-1_Br2720_mid,3,1,0,0,1,1,0,0
TCTGAGCAATTGACTG-1_Br2720_mid,4,0,0,0,2,0,0,0
TCTGATGTATTCTGTC-1_Br2720_mid,1,0,1,0,0,0,0,0
TCTGCATACCTTGCTT-1_Br2720_mid,6,2,0,0,0,1,0,0
TCTGCCAGAAACTGCA-1_Br2720_mid,15,2,8,0,3,0,1,0
TCTGCTTAGAACAAGC-1_Br2720_mid,11,3,0,0,5,2,0,0
TCTGGGAACCTTTGAA-1_Br2720_mid,3,2,2,0,2,0,0,0
TCTTACTTATGCCTCT-1_Br2720_mid,2,2,1,0,1,0,0,0
TCTTAGAGCTCCAATT-1_Br2720_mid,12,3,0,2,11,0,0,0
TCTTAGAGTGAACTCT-1_Br2720_mid,3,2,0,0,0,1,0,0
TCTTCGAATAGACGTT-1_Br2720_mid,12,3,3,0,3,1,0,1
TCTTCGATACCAATAA-1_Br2720_mid,3,0,2,0,0,0,0,0
TCTTCGCGGTGAGAGG-1_Br2720_mid,5,3,0,0,2,0,0,0
TCTTCTATAACCCGCC-1_Br2720_mid,5,3,2,0,1,0,0,0
TCTTGCTCCCGATACT-1_Br2720_mid,3,1,1,0,1,0,0,0
TCTTTAGAGTCTAACA-1_Br2720_mid,4,1,0,0,1,0,1,0
TCTTTCCTTCGAGATA-1_Br2720_mid,3,1,0,0,2,0,0,0
TGAAAGGACCTGACTC-1_Br2720_mid,7,2,4,2,0,1,0,0
TGAACAAGCAGGGACT-1_Br2720_mid,5,0,2,0,1,1,0,0
TGAATACCGACGCGTA-1_Br2720_mid,1,0,0,0,1,0,0,0
TGAATGAGTGTTTCCC-1_Br2720_mid,2,0,0,2,0,0,0,0
TGAATGTCAGCCGGCC-1_Br2720_mid,4,2,1,0,2,0,0,0
TGACATGTAACGTGAC-1_Br2720_mid,12,0,2,0,7,0,0,0
TGACCAAATCTTAAAC-1_Br2720_mid,5,0,3,0,0,0,0,0
TGACGATGCACTAGAA-1_Br2720_mid,3,0,2,0,3,0,0,2
TGACTATAATCCTTTC-1_Br2720_mid,9,0,0,0,6,1,0,0
TGACTCTAACTGGTAA-1_Br2720_mid,4,0,1,0,3,0,1,0
TGAGAGATTTACCACG-1_Br2720_mid,4,2,0,0,0,0,0,0
TGAGCGGAAAGTGTTC-1_Br2720_mid,8,0,1,0,3,0,0,0
TGAGCTCAACTGTATA-1_Br2720_mid,4,0,0,0,2,0,0,0
TGAGGAGTGCCAGCTT-1_Br2720_mid,7,1,1,1,3,0,0,0
TGAGGTGTGTGGCGGA-1_Br2720_mid,6,0,2,0,2,1,0,0
TGAGTAAATTAGCGTA-1_Br2720_mid,3,0,1,0,3,0,0,0
TGAGTGTAACAACGGG-1_Br2720_mid,4,1,0,0,4,0,0,0
TGAGTTAAAGACATTC-1_Br2720_mid,3,0,0,0,2,0,0,1
TGATACATTTAGCCGT-1_Br2720_mid,3,0,0,0,1,3,0,1
TGATCACCACACTGAC-1_Br2720_mid,4,0,1,0,2,0,0,0
TGATCTATCACACTCT-1_Br2720_mid,4,1,1,0,0,0,0,0
TGATGTCAATTAAGTG-1_Br2720_mid,4,0,0,0,3,0,0,0
TGATTCCCGGTTACCT-1_Br2720_mid,3,0,1,0,1,0,0,0
TGCAAACGTACTAGTT-1_Br2720_mid,5,0,0,0,5,2,0,0
TGCAAAGTTCGTCTGT-1_Br2720_mid,6,1,4,0,2,0,0,0
TGCAACCCATCTGCGG-1_Br2720_mid,3,0,1,0,2,0,0,0
TGCAACTACTGGTTGA-1_Br2720_mid,2,1,0,0,1,0,0,0
TGCAATCTAACACGGT-1_Br2720_mid,5,2,1,0,4,0,0,0
TGCAGTTTCCTCCCAT-1_Br2720_mid,2,2,0,0,1,0,0,0
TGCATATGTCTGTCAC-1_Br2720_mid,6,0,4,0,0,0,0,0
TGCATGTGACCCATAG-1_Br2720_mid,0,0,0,0,0,1,0,0
TGCCAATGGGTACTCT-1_Br2720_mid,7,1,1,0,4,0,0,0
TGCCAGTACGTGGAGA-1_Br2720_mid,5,0,0,0,4,0,0,0
TGCCCGATAGTTAGAA-1_Br2720_mid,5,1,0,0,1,0,0,0
TGCCCGTACCGTTAAA-1_Br2720_mid,6,0,0,0,2,0,0,2
TGCCGTGGATCGTCCT-1_Br2720_mid,6,0,6,1,1,0,0,0
TGCCGTGGGACCCAAT-1_Br2720_mid,8,0,0,0,7,2,0,0
TGCCTAATTGAAGATT-1_Br2720_mid,5,3,0,0,3,0,0,0
TGCCTTGGCCAGGCAA-1_Br2720_mid,1,0,1,0,0,0,0,0
TGCGACACCCTAGTGC-1_Br2720_mid,5,6,1,0,1,0,0,1
TGCGGACTTGACTCCG-1_Br2720_mid,4,0,0,0,1,1,1,0
TGCGTACGGCTAATTG-1_Br2720_mid,8,2,0,0,5,0,0,0
TGCTAAGTGTCTATTT-1_Br2720_mid,2,0,0,0,1,0,0,0
TGCTCCACAGTTCTTA-1_Br2720_mid,5,2,3,0,2,0,0,0
TGCTCGGCGAAACCCA-1_Br2720_mid,2,0,1,0,1,0,0,0
TGCTCGGTGGGTCACC-1_Br2720_mid,10,0,7,0,1,0,0,0
TGCTCTTGAGAGTTTG-1_Br2720_mid,5,1,1,1,1,0,0,0
TGCTGTTGAAGAACTC-1_Br2720_mid,3,1,2,0,0,0,0,1
TGCTTCCCAAGCAGTA-1_Br2720_mid,6,3,2,0,1,0,0,0
TGGACCAATCTAAGAT-1_Br2720_mid,5,1,1,0,2,0,0,0
TGGACTGTTCGCTCAA-1_Br2720_mid,4,1,1,0,1,0,0,0
TGGAGAATAATCGTCC-1_Br2720_mid,5,0,0,0,1,0,0,0
TGGATGGCATCTTGGA-1_Br2720_mid,5,0,2,0,2,0,0,0
TGGCAAACTAAATTAC-1_Br2720_mid,6,0,1,0,1,0,0,0
TGGCAAGCACAAGTCG-1_Br2720_mid,6,2,3,0,3,0,1,0
TGGCAATGGGACGGCG-1_Br2720_mid,5,0,0,0,3,1,0,0
TGGCAGATTACGATCA-1_Br2720_mid,2,0,1,0,1,0,0,0
TGGCAGCAGTAATAGT-1_Br2720_mid,4,0,0,0,0,0,0,0
TGGCGACTGCTCCAAA-1_Br2720_mid,7,1,0,0,3,3,1,0
TGGCGATCAAGTTATG-1_Br2720_mid,8,1,3,0,2,1,0,0
TGGCTACACTCTACCT-1_Br2720_mid,10,0,1,0,7,0,1,0
TGGCTATGTGACATAC-1_Br2720_mid,3,0,0,0,4,0,0,0
TGGGCAATAGTTGGGT-1_Br2720_mid,4,0,0,0,2,0,0,0
TGGGCAGGCCACCGCA-1_Br2720_mid,4,1,0,0,2,1,0,0
TGGGCCCATACTAATT-1_Br2720_mid,3,0,0,0,2,0,0,0
TGGGCGATACAATAAG-1_Br2720_mid,6,0,1,1,3,0,0,0
TGGGTGCACAAGCCAT-1_Br2720_mid,2,1,0,0,1,0,0,0
TGGGTGTAATAGATTT-1_Br2720_mid,11,3,1,1,7,0,0,0
TGGGTGTTAAGTAGAA-1_Br2720_mid,3,0,1,0,0,0,0,0
TGGTAGAATATATGGG-1_Br2720_mid,12,1,1,0,7,2,0,0
TGGTCCCACGCTACGG-1_Br2720_mid,9,0,2,0,7,0,0,1
TGGTCGATATACCTCT-1_Br2720_mid,4,0,1,0,2,0,0,0
TGGTGCCCTGCCTTAC-1_Br2720_mid,3,0,0,0,1,0,0,0
TGGTTCAACGGGTAAT-1_Br2720_mid,8,6,2,0,2,0,0,1
TGTACCTACACGAGGG-1_Br2720_mid,2,0,1,0,2,0,0,0
TGTACGAACAAATCCG-1_Br2720_mid,6,0,1,0,2,0,0,1
TGTACTATCGCTCGTT-1_Br2720_mid,4,0,0,1,2,2,0,0
TGTACTTCCGGGCATG-1_Br2720_mid,4,1,1,0,3,0,2,0
TGTAGCCAATTCCGTT-1_Br2720_mid,8,0,1,0,4,0,0,0
TGTAGCCATCCCATTC-1_Br2720_mid,3,5,0,0,1,0,1,0
TGTAGGAGAAATTTCC-1_Br2720_mid,1,1,0,1,0,0,0,0
TGTATGGCGCAGACAG-1_Br2720_mid,2,1,0,0,0,0,0,1
TGTCCACGGCTCAACT-1_Br2720_mid,6,0,1,0,2,0,1,1
TGTCCGCAAACAATTC-1_Br2720_mid,5,0,1,0,2,0,0,0
TGTCGTGGGTATAGGC-1_Br2720_mid,4,2,0,0,1,1,0,0
TGTGACTAGAGTTTGC-1_Br2720_mid,3,0,0,0,2,0,2,0
TGTGAGACTAGCCCAA-1_Br2720_mid,2,0,1,0,1,0,0,0
TGTGCCGGTGCCGGAA-1_Br2720_mid,3,0,1,0,1,0,0,0
TGTGGACTATCTACGT-1_Br2720_mid,8,0,2,1,4,1,0,0
TGTGGCGGGCTTCTGG-1_Br2720_mid,3,0,1,0,0,0,0,0
TGTGGCTCCCACCAAC-1_Br2720_mid,4,2,0,0,1,0,0,0
TGTGGTAGGGTGCCTT-1_Br2720_mid,6,0,1,0,3,0,0,0
TGTGGTTGCTAAAGCT-1_Br2720_mid,3,0,0,0,2,2,0,0
TGTGTAGTAGCACGTG-1_Br2720_mid,6,0,0,0,8,0,0,0
TGTTAACAAAGTGACT-1_Br2720_mid,4,0,1,0,1,0,1,0
TGTTATTGTATGTGGC-1_Br2720_mid,1,0,0,0,1,0,0,0
TGTTCCGGCCTGAGCT-1_Br2720_mid,5,0,2,0,3,0,0,0
TGTTCGTATTGCGGTG-1_Br2720_mid,4,1,1,0,0,0,0,0
TGTTCTCATACTATAG-1_Br2720_mid,1,0,0,0,1,0,0,0
TGTTGCCGTCGTCCCA-1_Br2720_mid,6,2,0,0,4,0,0,0
TGTTTGAGATCGTCAG-1_Br2720_mid,4,1,0,0,1,0,0,0
TTAAAGGCGATGCTCG-1_Br2720_mid,1,0,0,0,0,0,0,0
TTAAAGTAAGTCGCCA-1_Br2720_mid,4,4,0,0,3,0,1,0
TTAACCCGAGGCGTGT-1_Br2720_mid,7,2,0,0,1,1,2,0
TTAACTGATCGTTTGG-1_Br2720_mid,4,0,0,0,2,0,0,0
TTAAGATAGGATTGAC-1_Br2720_mid,5,2,0,0,3,0,0,0
TTAAGTATTGTTATCC-1_Br2720_mid,3,0,0,0,0,1,0,0
TTAATTGCTTTGGGTG-1_Br2720_mid,2,0,1,0,0,0,0,0
TTACACGATCTGCGAC-1_Br2720_mid,4,0,0,0,2,0,0,0
TTACATGCCACAACTA-1_Br2720_mid,8,5,1,0,2,2,0,0
TTACCCTAGGGATTGG-1_Br2720_mid,6,1,0,0,3,0,0,0
TTACGTATCTATGACA-1_Br2720_mid,7,2,0,0,3,0,1,1
TTACTAAAGGACTTTA-1_Br2720_mid,10,1,9,0,1,1,1,0
TTACTCCGGCCGGGAA-1_Br2720_mid,6,1,4,0,0,0,3,3
TTACTGGGATATTTCA-1_Br2720_mid,2,0,0,0,1,0,0,0
TTAGAAGAACATGACT-1_Br2720_mid,7,2,2,0,2,0,0,0
TTAGAATAAGGGTCGG-1_Br2720_mid,4,0,2,0,2,0,1,0
TTAGACGAGTCACCTC-1_Br2720_mid,4,1,1,0,0,0,0,0
TTAGAGTTTAGAAGGA-1_Br2720_mid,4,0,4,0,0,0,0,0
TTAGCGAATAGATAGG-1_Br2720_mid,3,2,0,0,2,0,0,0
TTAGCTGATTTGCCGT-1_Br2720_mid,3,0,1,0,3,0,0,0
TTAGGATGGGAGGGTA-1_Br2720_mid,5,1,0,0,3,1,0,0
TTAGGTCATAACCGAC-1_Br2720_mid,1,0,0,0,1,0,0,0
TTAGTAAACCTGCTCT-1_Br2720_mid,4,1,0,0,0,0,0,0
TTAGTTATTCGTGGCA-1_Br2720_mid,4,2,0,0,4,0,0,1
TTATAGGTAATTGTCT-1_Br2720_mid,6,1,2,0,1,0,0,0
TTATATACGCTGTCAC-1_Br2720_mid,5,0,0,0,4,0,0,1
TTATCCGGGATCTATA-1_Br2720_mid,1,0,0,0,0,0,0,0
TTATGAATGAAAGGGA-1_Br2720_mid,3,1,1,0,0,0,0,0
TTATGATCTTAACGAA-1_Br2720_mid,5,0,0,0,1,0,1,0
TTATTAGAGCGTGTTC-1_Br2720_mid,3,0,2,0,0,0,0,0
TTATTATCTGGAAGGC-1_Br2720_mid,4,0,0,0,1,0,0,0
TTATTTAGGTTCCTTA-1_Br2720_mid,2,2,0,0,0,0,0,0
TTCAAAGTCTCTAGCC-1_Br2720_mid,4,1,1,0,2,0,0,0
TTCAATACTCTGAATC-1_Br2720_mid,2,0,0,0,1,1,0,0
TTCACTCGAGCACCTA-1_Br2720_mid,4,0,0,0,1,0,0,0
TTCACTTCCTAGAACG-1_Br2720_mid,4,0,0,0,2,0,0,0
TTCAGCCCTGGTCCAC-1_Br2720_mid,4,0,1,0,0,0,0,0
TTCAGCTGGCGTGCCC-1_Br2720_mid,5,0,0,0,1,2,0,0
TTCAGTTCAAGAGGAG-1_Br2720_mid,3,0,1,0,0,0,0,0
TTCCAATCTGGCTATC-1_Br2720_mid,6,3,1,0,1,0,0,0
TTCCACACAGATTTGA-1_Br2720_mid,7,2,0,0,3,2,0,0
TTCCAGTGGGTTTCGT-1_Br2720_mid,3,0,0,0,0,0,0,0
TTCCATCGACAGCGTG-1_Br2720_mid,2,1,0,0,0,0,2,0
TTCCCAAAGTACTGAT-1_Br2720_mid,6,1,0,0,6,0,0,0
TTCCGCGTGAGGCGAT-1_Br2720_mid,9,0,6,0,3,0,0,0
TTCCGGCCTTGAGGCT-1_Br2720_mid,4,2,0,0,3,0,0,1
TTCCGGTTACCCACTT-1_Br2720_mid,2,1,0,0,0,0,0,1
TTCCTCGGACTAACCA-1_Br2720_mid,1,0,0,0,0,0,0,0
TTCGAACGAAACATGC-1_Br2720_mid,1,0,0,0,0,0,0,0
TTCGCACTGTACGACA-1_Br2720_mid,10,1,4,0,5,1,0,0
TTCGCGCGCCATACGA-1_Br2720_mid,4,0,3,0,2,0,0,0
TTCGGGACTAATCGCG-1_Br2720_mid,4,1,1,0,2,0,0,0
TTCGGGTTGCCACGGG-1_Br2720_mid,2,0,0,0,0,0,0,0
TTCGGTACTGTAGAGG-1_Br2720_mid,5,0,1,0,0,2,0,0
TTCGGTGGAGACGCCC-1_Br2720_mid,4,1,0,0,2,1,0,0
TTCGTGCATGTTATAG-1_Br2720_mid,4,0,0,0,1,0,0,0
TTCTAACCGAAGCTTA-1_Br2720_mid,3,0,2,0,0,0,0,0
TTCTAGAAAGTCTTAT-1_Br2720_mid,4,1,0,0,2,1,1,0
TTCTATTAAACGCAGC-1_Br2720_mid,9,1,3,0,6,0,1,0
TTCTGACCGGGCTCAA-1_Br2720_mid,7,1,4,0,1,0,1,0
TTCTGCCGCGCCTAGA-1_Br2720_mid,3,1,2,0,1,0,0,0
TTCTGCGGGTTAGCGG-1_Br2720_mid,14,3,3,0,5,0,0,0
TTCTTATCCGCTGGGT-1_Br2720_mid,7,0,1,0,4,1,0,1
TTCTTGCTAGCATCTC-1_Br2720_mid,8,3,0,0,4,0,0,0
TTGAAACCCTCATTCC-1_Br2720_mid,4,0,0,0,2,1,0,0
TTGAACGACGTGCTGA-1_Br2720_mid,0,0,0,0,0,0,0,0
TTGAAGTGCATCTACA-1_Br2720_mid,0,0,0,0,0,0,0,0
TTGAATATGGACTTTC-1_Br2720_mid,1,0,2,0,0,0,0,1
TTGAATTCACGTGAGG-1_Br2720_mid,5,2,1,0,3,1,1,0
TTGACAGGAGCTCCCG-1_Br2720_mid,1,0,0,0,1,0,0,0
TTGACCAGGAACAACT-1_Br2720_mid,6,2,0,0,2,0,0,0
TTGACGCTCCATGAGC-1_Br2720_mid,6,2,0,0,3,0,0,1
TTGACTATTGTCCGGC-1_Br2720_mid,1,0,0,0,1,0,0,0
TTGAGAAGTTTAGCAT-1_Br2720_mid,0,0,0,0,0,0,0,0
TTGAGCAGCCCACGGT-1_Br2720_mid,3,2,1,0,2,0,0,0
TTGATGCCGCTCGTCG-1_Br2720_mid,2,0,0,0,0,0,0,0
TTGCAAGAAGACTCCT-1_Br2720_mid,12,1,3,0,5,1,0,0
TTGCACAATTCAGAAA-1_Br2720_mid,4,2,0,0,2,0,0,0
TTGCCAAGCAGAACCC-1_Br2720_mid,5,0,1,0,4,0,0,0
TTGCCGCTTTCTAGTA-1_Br2720_mid,5,1,0,0,2,0,0,0
TTGCCTTCTCGCCGGG-1_Br2720_mid,7,2,0,0,5,0,2,0
TTGCGCACAACCACGT-1_Br2720_mid,3,1,0,0,2,0,0,0
TTGCGCTTGATCAATA-1_Br2720_mid,10,0,1,0,5,0,0,0
TTGCGGAAAGCTGCCC-1_Br2720_mid,5,0,1,0,2,0,0,0
TTGCGGCATCAGAAAG-1_Br2720_mid,5,1,1,0,3,0,0,0
TTGCGTGTGTAGGCAT-1_Br2720_mid,0,0,0,0,0,0,0,0
TTGCTCATAGTACGTG-1_Br2720_mid,5,1,0,0,2,1,0,0
TTGGACCATCTGGCAA-1_Br2720_mid,5,1,0,0,1,0,0,0
TTGGACCTATAACAGT-1_Br2720_mid,6,1,3,0,2,0,0,0
TTGGATATCGTCTACG-1_Br2720_mid,2,0,0,0,0,0,0,0
TTGGCCAAATTGTATC-1_Br2720_mid,5,1,0,0,6,0,0,0
TTGGCTCAATATGTGT-1_Br2720_mid,6,2,0,0,2,0,0,0
TTGGGAAGACGAGCCG-1_Br2720_mid,11,0,6,0,5,0,1,0
TTGGGACGTAAGAGTT-1_Br2720_mid,2,0,0,0,1,0,0,0
TTGGTCACACTCGTAA-1_Br2720_mid,5,0,0,0,2,2,0,0
TTGTCTCGGCAAGATG-1_Br2720_mid,2,1,0,0,0,0,0,0
TTGTGAACCTAATCCG-1_Br2720_mid,7,2,1,0,1,2,0,0
TTGTGATCTGTTCAGT-1_Br2720_mid,6,2,1,0,3,0,1,1
TTGTGCAGCCACGTCA-1_Br2720_mid,3,0,1,0,0,0,0,1
TTGTGGTGGTACTAAG-1_Br2720_mid,5,3,1,1,2,0,0,0
TTGTGTATGCCACCAA-1_Br2720_mid,6,0,3,0,0,1,0,0
TTGTGTTTCCCGAAAG-1_Br2720_mid,4,0,1,0,1,0,0,0
TTGTTTCACATCCAGG-1_Br2720_mid,4,1,0,0,0,0,0,0
TTGTTTGTATTACACG-1_Br2720_mid,6,0,0,0,5,0,0,0
